order_id,customer_id,product_id,data_pedido,quantidade_pedida,valor_pedido,status_pedido
ORD-00001,256,180,2025-10-29,13,1112.74,emitido
ORD-00002,27,65,2025-06-06,9,412.38,cancelado
ORD-00003,66,50,2025-07-30,36,51.46,cancelado
ORD-00004,144,104,2025-08-05,11,245.4,emitido
ORD-00005,268,83,2025-06-18,47,614.21,emitido
ORD-00006,160,190,2025-08-06,17,905.56,cancelado
ORD-00007,237,109,2025-09-04,32,534.11,cancelado
ORD-00008,129,39,2025-10-23,19,863.93,aprovado
ORD-00009,489,193,2025-08-12,42,802.1,emitido
ORD-00010,306,38,2025-09-16,1,390.7,cancelado
ORD-00011,153,69,2025-09-16,44,1038.33,cancelado
ORD-00012,147,103,2025-07-18,19,797.2,emitido
ORD-00013,309,99,2025-05-28,50,599.6,cancelado
ORD-00014,133,190,2025-07-29,21,1116.11,aprovado
ORD-00015,205,56,2025-09-02,35,1140.31,emitido
ORD-00016,129,65,2025-06-15,33,1107.39,cancelado
ORD-00017,230,153,2025-07-13,30,874.03,emitido
ORD-00018,14,27,2025-10-26,15,487.04,emitido
ORD-00019,462,53,2025-10-26,18,670.28,emitido
ORD-00020,88,136,2025-09-08,42,392.4,emitido
ORD-00021,51,49,2025-06-11,29,1173.8,aprovado
ORD-00022,249,38,2025-10-30,44,1082.24,aprovado
ORD-00023,228,132,2025-06-04,30,437.69,aprovado
ORD-00024,219,22,2025-07-01,44,196.71,emitido
ORD-00025,308,131,2025-08-12,44,651.71,aprovado
ORD-00026,365,150,2025-11-05,35,1074.62,emitido
ORD-00027,100,162,2025-07-26,48,206.7,cancelado
ORD-00028,65,165,2025-10-13,31,915.15,aprovado
ORD-00029,22,83,2025-08-03,43,200.8,cancelado
ORD-00030,365,122,2025-07-14,13,1037.18,emitido
ORD-00031,92,22,2025-06-19,50,609.72,cancelado
ORD-00032,238,47,2025-05-25,4,146.52,emitido
ORD-00033,495,68,2025-09-07,18,67.2,emitido
ORD-00034,416,85,2025-09-12,45,991.87,emitido
ORD-00035,483,118,2025-07-28,13,38.52,aprovado
ORD-00036,422,169,2025-07-22,49,893.63,cancelado
ORD-00037,208,76,2025-06-30,42,240.08,cancelado
ORD-00038,398,87,2025-07-27,23,323.33,emitido
ORD-00039,68,16,2025-09-04,4,305.85,emitido
ORD-00040,43,146,2025-10-19,48,764.18,emitido
ORD-00041,69,175,2025-06-15,7,445.69,emitido
ORD-00042,143,26,2025-06-27,47,569.03,aprovado
ORD-00043,251,99,2025-10-10,7,1042.19,aprovado
ORD-00044,245,65,2025-11-10,44,167.25,aprovado
ORD-00045,4,190,2025-09-01,26,858.79,aprovado
ORD-00046,123,23,2025-06-10,44,540.02,aprovado
ORD-00047,143,135,2025-05-28,43,378.87,aprovado
ORD-00048,330,70,2025-05-26,16,1107.69,emitido
ORD-00049,154,83,2025-08-16,5,360.86,emitido
ORD-00050,177,35,2025-08-02,7,94.6,emitido
ORD-00051,30,75,2025-07-25,43,948.71,aprovado
ORD-00052,329,34,2025-07-17,36,220.64,aprovado
ORD-00053,156,118,2025-10-11,21,297.13,cancelado
ORD-00054,500,46,2025-09-27,13,214.13,aprovado
ORD-00055,321,51,2025-10-05,19,356.83,cancelado
ORD-00056,34,104,2025-10-29,50,472.48,emitido
ORD-00057,435,171,2025-10-20,32,1173.69,aprovado
ORD-00058,248,183,2025-10-25,10,1000.26,emitido
ORD-00059,63,103,2025-07-19,17,257.31,aprovado
ORD-00060,246,169,2025-08-31,12,1012.47,emitido
ORD-00061,299,160,2025-06-05,14,736.2,aprovado
ORD-00062,455,178,2025-07-10,11,652.4,emitido
ORD-00063,187,177,2025-09-09,1,671.3,emitido
ORD-00064,451,143,2025-08-09,12,970.61,emitido
ORD-00065,289,140,2025-07-10,11,666.77,cancelado
ORD-00066,261,46,2025-10-02,11,872.82,cancelado
ORD-00067,483,163,2025-07-03,35,1100.17,emitido
ORD-00068,190,173,2025-06-20,15,1060.72,cancelado
ORD-00069,240,109,2025-07-08,23,1082.6,aprovado
ORD-00070,127,78,2025-06-01,48,963.79,emitido
ORD-00071,493,200,2025-08-18,3,653.53,aprovado
ORD-00072,168,91,2025-09-15,38,502.89,cancelado
ORD-00073,335,58,2025-09-18,20,461.8,cancelado
ORD-00074,365,73,2025-06-09,45,499.11,emitido
ORD-00075,102,174,2025-07-05,42,992.73,emitido
ORD-00076,230,39,2025-09-19,24,381.59,emitido
ORD-00077,216,175,2025-10-19,45,254.28,aprovado
ORD-00078,12,65,2025-09-11,23,494.82,aprovado
ORD-00079,332,78,2025-08-31,50,78.29,emitido
ORD-00080,110,107,2025-10-24,11,1020.86,aprovado
ORD-00081,281,127,2025-06-24,30,458.46,cancelado
ORD-00082,338,127,2025-06-29,41,629.8,emitido
ORD-00083,377,77,2025-06-11,45,959.75,emitido
ORD-00084,115,153,2025-10-15,8,800.05,emitido
ORD-00085,48,117,2025-08-08,28,49.45,aprovado
ORD-00086,263,187,2025-08-23,15,185.25,aprovado
ORD-00087,101,58,2025-08-31,35,792.82,emitido
ORD-00088,174,84,2025-11-06,46,122.96,aprovado
ORD-00089,341,15,2025-08-10,41,744.89,aprovado
ORD-00090,232,76,2025-11-04,38,572.4,aprovado
ORD-00091,177,142,2025-08-15,46,713.41,cancelado
ORD-00092,219,92,2025-10-14,50,609.64,cancelado
ORD-00093,31,61,2025-10-20,33,163.28,cancelado
ORD-00094,372,91,2025-07-27,28,600.88,cancelado
ORD-00095,238,186,2025-08-30,40,900.63,cancelado
ORD-00096,329,8,2025-08-20,5,160.82,cancelado
ORD-00097,1,69,2025-09-11,18,665.78,cancelado
ORD-00098,488,200,2025-07-27,30,1118.11,emitido
ORD-00099,319,155,2025-10-01,18,1152.99,cancelado
ORD-00100,395,81,2025-07-01,9,444.08,cancelado
ORD-00101,244,1,2025-10-29,29,655.36,cancelado
ORD-00102,14,80,2025-10-13,33,1195.05,aprovado
ORD-00103,7,112,2025-09-04,6,420.29,emitido
ORD-00104,219,34,2025-10-17,19,320.23,aprovado
ORD-00105,277,168,2025-10-19,17,66.21,cancelado
ORD-00106,276,28,2025-11-02,22,406.74,aprovado
ORD-00107,447,93,2025-09-04,20,43.43,cancelado
ORD-00108,326,140,2025-10-05,19,693.6,cancelado
ORD-00109,57,195,2025-10-27,24,1064.17,emitido
ORD-00110,22,18,2025-09-22,3,1189.46,emitido
ORD-00111,390,47,2025-07-01,49,595.79,aprovado
ORD-00112,312,43,2025-06-08,10,645.57,emitido
ORD-00113,315,107,2025-05-25,28,978.58,emitido
ORD-00114,351,12,2025-08-07,12,600.12,cancelado
ORD-00115,351,45,2025-06-06,24,607.2,aprovado
ORD-00116,449,70,2025-06-21,42,492.92,aprovado
ORD-00117,92,22,2025-06-27,18,897.78,cancelado
ORD-00118,296,94,2025-06-02,50,924.28,cancelado
ORD-00119,100,46,2025-08-22,47,229.28,aprovado
ORD-00120,271,127,2025-08-07,11,509.04,cancelado
ORD-00121,239,184,2025-11-13,5,484.71,emitido
ORD-00122,216,51,2025-09-12,23,1025.95,aprovado
ORD-00123,173,17,2025-10-15,34,347.18,cancelado
ORD-00124,418,10,2025-07-13,50,334.83,emitido
ORD-00125,451,91,2025-05-31,12,171.64,aprovado
ORD-00126,273,61,2025-06-10,16,1121.71,emitido
ORD-00127,299,7,2025-06-25,46,251.71,cancelado
ORD-00128,370,22,2025-06-03,37,428.0,cancelado
ORD-00129,398,111,2025-07-11,29,1168.67,cancelado
ORD-00130,420,124,2025-09-10,36,392.46,emitido
ORD-00131,297,122,2025-07-10,41,1117.29,aprovado
ORD-00132,492,24,2025-05-30,27,93.21,emitido
ORD-00133,286,168,2025-09-12,32,1181.88,emitido
ORD-00134,49,17,2025-09-06,47,858.31,cancelado
ORD-00135,6,185,2025-05-24,43,686.25,aprovado
ORD-00136,262,191,2025-05-21,22,947.04,emitido
ORD-00137,481,44,2025-08-26,23,807.5,emitido
ORD-00138,220,76,2025-06-10,37,542.27,emitido
ORD-00139,466,179,2025-09-27,24,228.41,cancelado
ORD-00140,169,14,2025-06-28,26,920.0,cancelado
ORD-00141,149,75,2025-07-22,43,345.13,emitido
ORD-00142,184,92,2025-06-06,50,331.99,cancelado
ORD-00143,299,41,2025-10-26,38,868.82,aprovado
ORD-00144,108,28,2025-11-02,14,98.93,emitido
ORD-00145,163,154,2025-11-10,41,617.25,emitido
ORD-00146,301,4,2025-08-07,10,322.4,aprovado
ORD-00147,16,7,2025-06-11,34,573.87,emitido
ORD-00148,477,165,2025-06-29,34,135.47,cancelado
ORD-00149,373,42,2025-06-23,5,758.2,aprovado
ORD-00150,217,58,2025-06-22,25,95.19,cancelado
ORD-00151,249,57,2025-09-21,28,897.3,aprovado
ORD-00152,44,165,2025-08-08,8,1071.57,cancelado
ORD-00153,93,143,2025-06-14,45,302.93,aprovado
ORD-00154,374,16,2025-06-19,46,146.7,aprovado
ORD-00155,263,55,2025-11-16,40,388.55,emitido
ORD-00156,401,140,2025-06-11,18,56.1,aprovado
ORD-00157,250,197,2025-07-28,24,1074.8,cancelado
ORD-00158,154,104,2025-10-17,45,513.74,cancelado
ORD-00159,195,167,2025-06-20,21,508.35,emitido
ORD-00160,17,23,2025-08-10,4,695.35,emitido
ORD-00161,349,154,2025-08-12,33,900.38,emitido
ORD-00162,290,113,2025-10-18,30,666.47,emitido
ORD-00163,265,5,2025-06-10,10,600.35,cancelado
ORD-00164,356,2,2025-10-07,31,907.16,cancelado
ORD-00165,341,19,2025-08-18,16,235.15,aprovado
ORD-00166,277,167,2025-11-15,4,239.99,emitido
ORD-00167,400,194,2025-08-25,42,549.75,cancelado
ORD-00168,397,104,2025-09-24,37,252.82,emitido
ORD-00169,333,127,2025-06-07,36,659.71,emitido
ORD-00170,361,82,2025-09-01,23,780.86,cancelado
ORD-00171,3,102,2025-10-26,47,270.07,aprovado
ORD-00172,152,129,2025-09-18,25,573.97,cancelado
ORD-00173,33,177,2025-10-27,34,401.15,emitido
ORD-00174,314,92,2025-08-16,37,432.5,emitido
ORD-00175,185,193,2025-09-08,35,892.31,cancelado
ORD-00176,26,5,2025-10-18,16,910.96,aprovado
ORD-00177,475,188,2025-06-26,26,606.24,emitido
ORD-00178,317,39,2025-09-06,42,907.33,emitido
ORD-00179,129,94,2025-09-22,11,1006.75,cancelado
ORD-00180,29,69,2025-08-29,34,338.18,emitido
ORD-00181,3,89,2025-09-19,39,730.48,emitido
ORD-00182,99,194,2025-06-28,30,793.51,cancelado
ORD-00183,243,152,2025-10-20,10,215.04,emitido
ORD-00184,215,2,2025-08-14,37,120.21,emitido
ORD-00185,207,80,2025-06-06,23,1000.55,cancelado
ORD-00186,260,161,2025-10-26,6,679.55,cancelado
ORD-00187,359,128,2025-10-01,21,830.65,aprovado
ORD-00188,454,51,2025-09-07,10,305.91,emitido
ORD-00189,184,39,2025-09-26,10,899.25,emitido
ORD-00190,265,42,2025-11-16,33,1198.53,aprovado
ORD-00191,203,56,2025-05-25,16,515.36,cancelado
ORD-00192,148,52,2025-11-01,2,681.85,aprovado
ORD-00193,220,25,2025-08-03,48,404.89,cancelado
ORD-00194,212,193,2025-06-09,32,841.19,aprovado
ORD-00195,469,96,2025-10-14,20,1163.28,aprovado
ORD-00196,498,87,2025-09-19,28,758.67,cancelado
ORD-00197,219,30,2025-07-15,26,272.49,cancelado
ORD-00198,55,84,2025-08-13,47,470.85,emitido
ORD-00199,106,57,2025-10-29,31,644.82,emitido
ORD-00200,419,14,2025-09-27,22,309.18,cancelado
ORD-00201,281,137,2025-09-20,24,980.92,emitido
ORD-00202,67,22,2025-07-20,19,116.8,emitido
ORD-00203,442,114,2025-07-30,44,487.5,cancelado
ORD-00204,84,170,2025-08-17,8,214.64,cancelado
ORD-00205,367,27,2025-10-15,12,571.44,aprovado
ORD-00206,325,66,2025-09-16,8,83.34,emitido
ORD-00207,113,76,2025-10-06,44,650.25,cancelado
ORD-00208,181,171,2025-07-18,5,806.07,cancelado
ORD-00209,269,193,2025-09-23,40,323.75,aprovado
ORD-00210,137,141,2025-06-01,17,1137.85,emitido
ORD-00211,137,61,2025-07-05,21,450.01,cancelado
ORD-00212,262,101,2025-10-02,20,685.7,aprovado
ORD-00213,164,138,2025-11-12,1,966.33,aprovado
ORD-00214,390,180,2025-10-01,19,1009.82,cancelado
ORD-00215,362,94,2025-07-20,22,706.72,cancelado
ORD-00216,264,164,2025-08-09,18,204.97,cancelado
ORD-00217,7,129,2025-09-22,7,997.26,aprovado
ORD-00218,316,82,2025-09-21,16,1085.81,aprovado
ORD-00219,162,73,2025-08-12,19,1197.68,emitido
ORD-00220,412,128,2025-09-05,13,871.11,aprovado
ORD-00221,350,147,2025-09-29,35,1048.48,cancelado
ORD-00222,15,200,2025-06-27,27,654.5,aprovado
ORD-00223,95,119,2025-05-22,32,629.3,aprovado
ORD-00224,247,25,2025-10-02,41,291.6,aprovado
ORD-00225,57,49,2025-06-05,26,269.19,cancelado
ORD-00226,245,85,2025-09-27,26,171.62,aprovado
ORD-00227,354,153,2025-07-16,7,341.97,emitido
ORD-00228,500,117,2025-11-06,31,680.33,cancelado
ORD-00229,287,145,2025-08-08,34,689.79,emitido
ORD-00230,491,127,2025-06-19,26,206.37,aprovado
ORD-00231,273,135,2025-07-11,30,528.57,aprovado
ORD-00232,262,147,2025-07-25,45,253.78,emitido
ORD-00233,280,178,2025-05-31,19,1149.52,cancelado
ORD-00234,181,10,2025-07-22,46,819.23,cancelado
ORD-00235,120,55,2025-08-14,33,314.17,cancelado
ORD-00236,245,19,2025-07-09,25,1109.6,aprovado
ORD-00237,207,115,2025-10-05,26,298.27,aprovado
ORD-00238,434,195,2025-05-28,18,509.36,emitido
ORD-00239,487,19,2025-08-21,37,446.05,emitido
ORD-00240,477,79,2025-11-03,43,887.01,emitido
ORD-00241,241,188,2025-10-09,46,840.07,aprovado
ORD-00242,70,29,2025-09-04,31,426.93,cancelado
ORD-00243,347,22,2025-08-13,5,370.84,cancelado
ORD-00244,338,140,2025-06-20,3,917.99,emitido
ORD-00245,361,53,2025-09-12,29,1179.4,cancelado
ORD-00246,239,36,2025-10-17,22,740.86,cancelado
ORD-00247,484,44,2025-08-22,21,637.59,aprovado
ORD-00248,498,154,2025-09-06,26,802.14,emitido
ORD-00249,26,139,2025-06-30,2,98.81,aprovado
ORD-00250,284,29,2025-08-09,7,194.07,cancelado
ORD-00251,384,170,2025-08-30,49,521.52,aprovado
ORD-00252,151,129,2025-07-28,1,1117.42,cancelado
ORD-00253,436,187,2025-09-10,3,223.14,emitido
ORD-00254,110,181,2025-06-01,37,209.34,aprovado
ORD-00255,459,188,2025-05-29,31,695.94,emitido
ORD-00256,341,150,2025-09-16,29,236.18,cancelado
ORD-00257,13,66,2025-08-05,6,1193.03,emitido
ORD-00258,281,144,2025-06-16,4,681.9,aprovado
ORD-00259,156,109,2025-08-25,32,202.46,emitido
ORD-00260,300,53,2025-07-21,23,453.86,aprovado
ORD-00261,292,196,2025-08-13,6,1031.31,cancelado
ORD-00262,300,151,2025-09-27,50,325.25,cancelado
ORD-00263,392,82,2025-07-01,15,62.86,aprovado
ORD-00264,202,27,2025-10-19,11,607.23,cancelado
ORD-00265,96,177,2025-09-17,39,689.06,aprovado
ORD-00266,253,68,2025-11-10,31,153.98,aprovado
ORD-00267,132,178,2025-09-09,8,880.26,cancelado
ORD-00268,87,19,2025-10-08,1,383.44,cancelado
ORD-00269,171,133,2025-08-01,21,924.95,aprovado
ORD-00270,409,26,2025-07-14,41,221.42,emitido
ORD-00271,330,144,2025-11-12,29,1058.98,emitido
ORD-00272,21,14,2025-10-25,32,1036.35,cancelado
ORD-00273,110,73,2025-06-18,46,288.01,cancelado
ORD-00274,367,168,2025-09-19,17,918.18,aprovado
ORD-00275,422,8,2025-11-02,50,51.29,aprovado
ORD-00276,470,132,2025-05-28,31,450.87,aprovado
ORD-00277,193,59,2025-11-07,43,1139.6,cancelado
ORD-00278,322,159,2025-06-05,21,401.98,emitido
ORD-00279,380,129,2025-10-08,39,202.32,cancelado
ORD-00280,330,176,2025-09-11,22,860.95,cancelado
ORD-00281,50,155,2025-07-09,24,770.74,emitido
ORD-00282,5,142,2025-05-21,43,220.67,emitido
ORD-00283,298,61,2025-11-03,20,790.54,cancelado
ORD-00284,196,189,2025-08-22,29,613.46,emitido
ORD-00285,338,141,2025-11-05,19,295.37,aprovado
ORD-00286,140,22,2025-05-24,12,102.57,emitido
ORD-00287,251,72,2025-09-11,18,947.82,cancelado
ORD-00288,470,140,2025-06-17,17,869.3,aprovado
ORD-00289,198,115,2025-08-07,30,257.22,emitido
ORD-00290,55,133,2025-07-13,34,525.16,aprovado
ORD-00291,136,163,2025-08-31,44,199.58,cancelado
ORD-00292,363,121,2025-11-16,1,568.81,aprovado
ORD-00293,356,7,2025-07-13,42,1144.43,emitido
ORD-00294,176,10,2025-10-13,48,436.76,cancelado
ORD-00295,7,198,2025-10-14,33,211.71,emitido
ORD-00296,422,88,2025-08-11,4,918.1,cancelado
ORD-00297,285,54,2025-08-11,9,556.39,cancelado
ORD-00298,389,18,2025-05-27,27,80.0,aprovado
ORD-00299,468,178,2025-07-24,32,247.4,aprovado
ORD-00300,134,141,2025-07-11,11,561.52,cancelado
ORD-00301,230,134,2025-08-23,8,47.53,emitido
ORD-00302,274,186,2025-11-09,2,759.16,aprovado
ORD-00303,400,121,2025-07-07,28,258.06,emitido
ORD-00304,159,51,2025-08-20,3,368.37,emitido
ORD-00305,194,55,2025-10-02,11,839.14,aprovado
ORD-00306,177,156,2025-09-24,30,939.46,aprovado
ORD-00307,318,100,2025-07-10,40,101.51,cancelado
ORD-00308,444,18,2025-07-27,30,1000.69,emitido
ORD-00309,282,18,2025-09-28,6,757.29,aprovado
ORD-00310,14,75,2025-06-06,9,1037.26,aprovado
ORD-00311,168,46,2025-11-02,22,400.34,emitido
ORD-00312,295,135,2025-07-07,28,1048.56,emitido
ORD-00313,275,176,2025-06-11,15,611.53,cancelado
ORD-00314,60,186,2025-06-22,4,1178.11,cancelado
ORD-00315,446,68,2025-06-02,18,662.47,aprovado
ORD-00316,320,53,2025-08-28,47,771.06,aprovado
ORD-00317,482,94,2025-10-28,37,795.91,aprovado
ORD-00318,292,46,2025-09-18,14,595.4,emitido
ORD-00319,106,93,2025-06-07,42,811.17,aprovado
ORD-00320,81,189,2025-08-31,22,481.15,aprovado
ORD-00321,209,87,2025-09-28,17,310.46,cancelado
ORD-00322,65,77,2025-06-10,13,480.27,aprovado
ORD-00323,137,69,2025-10-07,33,64.18,aprovado
ORD-00324,385,170,2025-08-25,39,928.86,aprovado
ORD-00325,82,59,2025-10-09,39,956.03,aprovado
ORD-00326,451,79,2025-10-24,8,729.26,aprovado
ORD-00327,110,184,2025-08-03,13,456.86,emitido
ORD-00328,366,128,2025-11-12,42,414.49,emitido
ORD-00329,215,190,2025-08-15,15,958.94,cancelado
ORD-00330,43,200,2025-07-12,35,999.11,cancelado
ORD-00331,7,56,2025-11-14,33,398.23,cancelado
ORD-00332,193,80,2025-08-15,3,493.2,cancelado
ORD-00333,347,146,2025-07-08,35,678.45,cancelado
ORD-00334,394,130,2025-05-22,12,201.57,emitido
ORD-00335,317,175,2025-07-17,16,823.92,emitido
ORD-00336,33,154,2025-06-25,46,444.98,aprovado
ORD-00337,430,18,2025-08-10,16,114.35,aprovado
ORD-00338,69,66,2025-08-24,13,475.62,aprovado
ORD-00339,463,18,2025-10-15,12,738.38,cancelado
ORD-00340,100,132,2025-09-04,21,636.82,aprovado
ORD-00341,194,152,2025-07-30,2,671.88,cancelado
ORD-00342,322,30,2025-10-17,21,133.98,cancelado
ORD-00343,274,112,2025-05-21,42,274.62,aprovado
ORD-00344,349,106,2025-07-05,12,221.11,aprovado
ORD-00345,136,194,2025-08-13,20,550.16,aprovado
ORD-00346,407,91,2025-07-16,1,111.61,aprovado
ORD-00347,95,144,2025-10-21,38,890.27,cancelado
ORD-00348,165,3,2025-08-04,28,891.26,cancelado
ORD-00349,454,69,2025-10-15,48,434.17,aprovado
ORD-00350,495,167,2025-06-09,31,832.44,cancelado
ORD-00351,274,133,2025-10-07,14,945.21,emitido
ORD-00352,351,29,2025-09-29,8,1158.85,cancelado
ORD-00353,317,40,2025-08-08,26,726.56,emitido
ORD-00354,240,52,2025-09-12,7,156.79,cancelado
ORD-00355,227,118,2025-09-27,7,128.4,aprovado
ORD-00356,145,170,2025-06-04,30,651.79,cancelado
ORD-00357,52,10,2025-11-15,21,1141.88,emitido
ORD-00358,473,169,2025-08-23,32,350.92,cancelado
ORD-00359,377,112,2025-11-05,23,1187.57,emitido
ORD-00360,76,86,2025-10-22,35,584.23,cancelado
ORD-00361,290,174,2025-11-03,43,839.55,emitido
ORD-00362,110,151,2025-08-12,21,210.12,aprovado
ORD-00363,450,111,2025-09-03,21,404.09,cancelado
ORD-00364,174,71,2025-07-07,5,274.64,cancelado
ORD-00365,245,196,2025-08-14,23,187.56,emitido
ORD-00366,21,163,2025-11-09,31,613.06,cancelado
ORD-00367,71,48,2025-06-21,20,700.74,cancelado
ORD-00368,132,125,2025-10-29,36,604.57,emitido
ORD-00369,103,109,2025-11-11,22,818.1,emitido
ORD-00370,241,116,2025-06-28,3,780.83,emitido
ORD-00371,217,82,2025-09-18,11,39.58,cancelado
ORD-00372,74,149,2025-09-06,45,201.19,aprovado
ORD-00373,395,191,2025-06-28,6,294.11,aprovado
ORD-00374,338,77,2025-07-11,22,947.26,emitido
ORD-00375,141,90,2025-10-19,13,543.74,aprovado
ORD-00376,256,101,2025-08-11,31,270.05,aprovado
ORD-00377,208,57,2025-09-09,26,350.19,cancelado
ORD-00378,116,91,2025-06-22,49,727.58,aprovado
ORD-00379,105,81,2025-06-23,28,189.58,emitido
ORD-00380,8,125,2025-06-23,10,567.49,cancelado
ORD-00381,475,9,2025-10-28,34,273.65,aprovado
ORD-00382,305,56,2025-09-06,37,532.68,emitido
ORD-00383,421,171,2025-06-06,1,844.83,emitido
ORD-00384,224,75,2025-07-13,38,770.95,cancelado
ORD-00385,107,119,2025-06-26,18,780.44,aprovado
ORD-00386,321,37,2025-06-12,28,806.61,cancelado
ORD-00387,142,30,2025-05-29,42,110.6,cancelado
ORD-00388,465,139,2025-06-03,36,711.22,emitido
ORD-00389,379,84,2025-07-23,22,329.78,emitido
ORD-00390,244,2,2025-07-11,30,684.23,aprovado
ORD-00391,148,34,2025-06-13,8,518.91,aprovado
ORD-00392,193,4,2025-08-30,20,380.7,cancelado
ORD-00393,130,151,2025-08-25,7,173.14,cancelado
ORD-00394,87,12,2025-07-11,13,744.14,cancelado
ORD-00395,254,61,2025-10-07,23,37.86,aprovado
ORD-00396,269,34,2025-08-11,16,292.79,emitido
ORD-00397,170,65,2025-11-06,5,582.67,aprovado
ORD-00398,67,87,2025-06-20,24,237.96,cancelado
ORD-00399,88,195,2025-11-14,39,457.45,cancelado
ORD-00400,42,45,2025-09-02,45,704.39,cancelado
ORD-00401,416,119,2025-09-16,5,171.49,cancelado
ORD-00402,364,100,2025-08-05,26,1114.65,cancelado
ORD-00403,347,184,2025-10-09,40,239.45,aprovado
ORD-00404,352,108,2025-07-09,8,1049.41,cancelado
ORD-00405,472,134,2025-09-05,25,40.11,cancelado
ORD-00406,494,6,2025-06-16,14,70.37,emitido
ORD-00407,112,41,2025-05-21,47,230.35,emitido
ORD-00408,222,76,2025-08-25,29,1142.31,aprovado
ORD-00409,289,173,2025-09-01,38,176.08,emitido
ORD-00410,384,97,2025-08-24,12,333.56,aprovado
ORD-00411,127,13,2025-06-22,10,141.36,aprovado
ORD-00412,101,134,2025-07-24,24,709.07,emitido
ORD-00413,275,90,2025-10-07,1,313.34,cancelado
ORD-00414,383,151,2025-06-23,16,761.68,emitido
ORD-00415,74,44,2025-10-03,24,104.99,aprovado
ORD-00416,166,103,2025-10-08,2,511.84,emitido
ORD-00417,110,174,2025-07-04,1,978.61,aprovado
ORD-00418,297,169,2025-06-17,20,1038.53,cancelado
ORD-00419,87,53,2025-08-08,29,1082.9,aprovado
ORD-00420,205,181,2025-06-24,8,669.13,emitido
ORD-00421,401,145,2025-08-26,3,440.9,aprovado
ORD-00422,402,69,2025-10-21,15,735.3,aprovado
ORD-00423,435,12,2025-10-02,33,739.13,emitido
ORD-00424,219,196,2025-08-16,35,580.48,cancelado
ORD-00425,266,59,2025-10-05,37,522.57,aprovado
ORD-00426,206,42,2025-10-12,26,739.41,cancelado
ORD-00427,62,55,2025-10-17,15,789.42,aprovado
ORD-00428,262,14,2025-07-04,32,1136.51,emitido
ORD-00429,212,79,2025-07-20,42,391.03,emitido
ORD-00430,137,200,2025-06-15,11,154.22,aprovado
ORD-00431,234,39,2025-05-21,47,1136.74,cancelado
ORD-00432,96,25,2025-10-26,3,885.1,aprovado
ORD-00433,240,48,2025-11-06,17,898.81,aprovado
ORD-00434,189,185,2025-10-24,35,545.71,emitido
ORD-00435,495,184,2025-10-19,7,51.65,emitido
ORD-00436,233,86,2025-07-12,2,1087.26,aprovado
ORD-00437,413,91,2025-09-01,5,1064.55,aprovado
ORD-00438,184,73,2025-07-31,8,746.44,aprovado
ORD-00439,97,96,2025-09-20,16,643.86,aprovado
ORD-00440,100,13,2025-11-12,15,60.49,emitido
ORD-00441,373,142,2025-09-18,32,634.57,emitido
ORD-00442,94,191,2025-08-29,38,1133.91,cancelado
ORD-00443,30,160,2025-09-09,13,1184.21,cancelado
ORD-00444,116,98,2025-10-20,7,756.17,aprovado
ORD-00445,479,3,2025-08-04,39,1096.32,cancelado
ORD-00446,398,120,2025-09-07,21,401.3,emitido
ORD-00447,344,31,2025-10-23,44,1127.97,cancelado
ORD-00448,324,161,2025-10-30,30,468.75,aprovado
ORD-00449,73,9,2025-11-13,47,747.46,emitido
ORD-00450,240,26,2025-07-30,48,953.23,cancelado
ORD-00451,238,69,2025-06-19,32,897.72,emitido
ORD-00452,238,95,2025-06-18,6,49.01,cancelado
ORD-00453,266,41,2025-06-05,36,1155.75,cancelado
ORD-00454,466,196,2025-07-07,39,208.78,emitido
ORD-00455,8,47,2025-08-06,36,880.32,aprovado
ORD-00456,166,101,2025-10-26,22,963.71,emitido
ORD-00457,330,10,2025-09-20,38,668.45,aprovado
ORD-00458,362,15,2025-08-28,14,457.09,aprovado
ORD-00459,419,32,2025-09-29,44,142.75,aprovado
ORD-00460,484,59,2025-06-10,42,853.69,emitido
ORD-00461,119,42,2025-07-02,31,48.03,aprovado
ORD-00462,309,60,2025-11-11,46,979.25,cancelado
ORD-00463,392,8,2025-07-15,5,171.66,aprovado
ORD-00464,251,37,2025-09-13,43,230.78,aprovado
ORD-00465,325,50,2025-10-25,7,308.29,emitido
ORD-00466,492,58,2025-07-23,29,203.84,cancelado
ORD-00467,354,130,2025-09-28,30,204.26,emitido
ORD-00468,468,35,2025-08-14,15,125.83,emitido
ORD-00469,257,185,2025-06-07,12,614.68,aprovado
ORD-00470,76,37,2025-06-06,2,317.59,cancelado
ORD-00471,405,18,2025-11-11,39,388.82,cancelado
ORD-00472,35,74,2025-07-11,41,390.41,emitido
ORD-00473,152,89,2025-09-03,27,752.24,emitido
ORD-00474,393,93,2025-07-14,47,350.98,aprovado
ORD-00475,81,93,2025-06-12,9,663.2,emitido
ORD-00476,376,49,2025-09-15,48,1071.3,aprovado
ORD-00477,23,114,2025-06-06,36,612.52,cancelado
ORD-00478,469,183,2025-07-03,49,153.36,aprovado
ORD-00479,447,71,2025-08-01,30,345.31,emitido
ORD-00480,235,19,2025-09-19,10,330.26,aprovado
ORD-00481,443,62,2025-10-05,48,792.58,aprovado
ORD-00482,431,120,2025-07-09,14,558.69,cancelado
ORD-00483,129,52,2025-07-31,31,1008.56,aprovado
ORD-00484,265,195,2025-11-16,4,924.86,emitido
ORD-00485,22,119,2025-05-27,35,334.58,emitido
ORD-00486,293,109,2025-06-13,46,161.93,emitido
ORD-00487,432,4,2025-10-17,17,1079.42,cancelado
ORD-00488,48,195,2025-11-11,7,914.72,cancelado
ORD-00489,426,53,2025-10-23,11,870.1,aprovado
ORD-00490,265,191,2025-06-15,34,941.72,aprovado
ORD-00491,158,9,2025-05-23,8,671.06,aprovado
ORD-00492,59,95,2025-07-05,35,371.57,emitido
ORD-00493,4,78,2025-08-24,33,935.3,emitido
ORD-00494,351,190,2025-07-08,7,720.73,aprovado
ORD-00495,439,164,2025-05-21,34,1056.53,cancelado
ORD-00496,322,197,2025-07-29,34,278.4,emitido
ORD-00497,460,97,2025-05-21,46,835.41,cancelado
ORD-00498,2,158,2025-08-27,14,886.74,aprovado
ORD-00499,452,127,2025-07-13,15,846.5,cancelado
ORD-00500,325,132,2025-10-23,42,475.54,cancelado
ORD-00501,391,56,2025-06-23,31,202.57,aprovado
ORD-00502,74,147,2025-06-10,17,549.26,aprovado
ORD-00503,449,58,2025-09-08,5,511.18,emitido
ORD-00504,316,61,2025-09-16,27,817.91,aprovado
ORD-00505,151,70,2025-07-14,26,625.64,emitido
ORD-00506,7,138,2025-07-10,27,1068.47,cancelado
ORD-00507,438,160,2025-10-21,46,1161.22,aprovado
ORD-00508,415,43,2025-10-27,18,378.48,aprovado
ORD-00509,387,63,2025-09-30,3,492.69,emitido
ORD-00510,365,182,2025-07-30,25,423.31,emitido
ORD-00511,189,164,2025-07-21,14,221.37,cancelado
ORD-00512,301,116,2025-09-25,26,1011.79,aprovado
ORD-00513,118,140,2025-06-05,38,318.62,emitido
ORD-00514,339,137,2025-10-29,34,1193.28,emitido
ORD-00515,390,189,2025-08-29,34,467.52,cancelado
ORD-00516,453,28,2025-10-08,10,1176.72,cancelado
ORD-00517,163,102,2025-08-17,25,1062.49,aprovado
ORD-00518,456,126,2025-10-10,31,1082.46,aprovado
ORD-00519,7,104,2025-07-31,47,72.82,aprovado
ORD-00520,180,199,2025-07-24,3,829.58,aprovado
ORD-00521,168,71,2025-07-22,29,107.07,emitido
ORD-00522,180,200,2025-06-27,14,494.57,aprovado
ORD-00523,181,83,2025-10-30,3,881.29,aprovado
ORD-00524,45,112,2025-09-30,35,342.79,aprovado
ORD-00525,356,118,2025-10-09,24,104.93,emitido
ORD-00526,379,31,2025-05-28,36,295.61,emitido
ORD-00527,366,184,2025-10-11,23,634.76,emitido
ORD-00528,364,199,2025-10-11,42,547.53,aprovado
ORD-00529,92,20,2025-10-22,29,1074.44,emitido
ORD-00530,76,93,2025-11-02,31,488.02,cancelado
ORD-00531,110,24,2025-09-22,44,421.62,aprovado
ORD-00532,258,187,2025-10-08,16,769.73,emitido
ORD-00533,444,23,2025-07-28,44,995.91,cancelado
ORD-00534,390,186,2025-06-15,12,690.8,emitido
ORD-00535,390,157,2025-05-26,36,1090.69,aprovado
ORD-00536,296,3,2025-06-17,43,1044.57,cancelado
ORD-00537,206,140,2025-10-12,3,126.73,aprovado
ORD-00538,62,8,2025-10-10,13,264.63,aprovado
ORD-00539,323,64,2025-10-06,19,459.46,emitido
ORD-00540,351,93,2025-07-03,34,898.86,emitido
ORD-00541,414,10,2025-08-01,21,397.52,cancelado
ORD-00542,408,131,2025-11-12,18,941.96,aprovado
ORD-00543,139,78,2025-06-12,44,799.71,aprovado
ORD-00544,474,111,2025-09-24,12,358.8,emitido
ORD-00545,86,53,2025-09-18,17,456.22,cancelado
ORD-00546,157,128,2025-07-25,27,977.76,emitido
ORD-00547,166,161,2025-08-11,30,442.03,aprovado
ORD-00548,359,143,2025-06-19,5,401.39,cancelado
ORD-00549,85,63,2025-08-06,8,280.87,cancelado
ORD-00550,146,53,2025-06-03,21,891.85,emitido
ORD-00551,345,64,2025-08-04,31,871.83,aprovado
ORD-00552,367,73,2025-10-22,27,1146.81,aprovado
ORD-00553,391,173,2025-08-04,16,854.99,aprovado
ORD-00554,132,122,2025-09-03,22,457.28,emitido
ORD-00555,239,123,2025-09-14,35,231.16,emitido
ORD-00556,80,138,2025-05-29,27,1004.73,emitido
ORD-00557,18,64,2025-08-26,36,564.19,emitido
ORD-00558,484,175,2025-10-11,24,159.75,aprovado
ORD-00559,53,45,2025-11-10,41,945.28,aprovado
ORD-00560,156,110,2025-11-06,7,698.45,emitido
ORD-00561,78,17,2025-06-27,9,1190.8,emitido
ORD-00562,52,118,2025-08-03,21,130.31,aprovado
ORD-00563,251,90,2025-07-21,28,1035.19,cancelado
ORD-00564,143,184,2025-10-08,47,151.52,cancelado
ORD-00565,307,86,2025-10-08,12,643.08,aprovado
ORD-00566,235,33,2025-08-15,4,742.22,aprovado
ORD-00567,465,141,2025-10-28,48,658.01,emitido
ORD-00568,341,47,2025-08-28,37,956.35,cancelado
ORD-00569,5,22,2025-08-30,13,262.83,emitido
ORD-00570,127,119,2025-09-26,29,748.11,cancelado
ORD-00571,122,11,2025-08-13,16,393.27,emitido
ORD-00572,416,70,2025-11-11,2,452.01,emitido
ORD-00573,103,117,2025-05-30,31,217.83,emitido
ORD-00574,282,48,2025-08-03,8,689.92,aprovado
ORD-00575,130,188,2025-09-10,18,1186.83,aprovado
ORD-00576,28,13,2025-05-24,5,396.57,aprovado
ORD-00577,426,6,2025-09-24,28,1007.32,cancelado
ORD-00578,40,187,2025-09-23,40,382.1,emitido
ORD-00579,54,176,2025-11-16,17,454.03,cancelado
ORD-00580,8,10,2025-09-22,16,1162.83,aprovado
ORD-00581,324,64,2025-06-21,15,248.86,emitido
ORD-00582,444,77,2025-05-27,18,1198.73,aprovado
ORD-00583,283,69,2025-10-29,4,281.27,cancelado
ORD-00584,150,89,2025-09-14,17,586.91,cancelado
ORD-00585,227,164,2025-09-27,34,929.0,aprovado
ORD-00586,273,84,2025-05-22,49,287.91,emitido
ORD-00587,388,193,2025-11-02,12,1157.26,aprovado
ORD-00588,142,160,2025-07-08,17,925.54,emitido
ORD-00589,446,161,2025-05-30,3,897.99,emitido
ORD-00590,262,86,2025-07-01,17,376.95,aprovado
ORD-00591,17,122,2025-07-20,26,164.92,cancelado
ORD-00592,408,144,2025-11-08,11,1077.37,aprovado
ORD-00593,367,154,2025-10-13,26,1163.09,cancelado
ORD-00594,69,94,2025-06-11,45,347.42,aprovado
ORD-00595,297,18,2025-07-15,27,578.56,cancelado
ORD-00596,205,122,2025-09-02,14,1012.61,aprovado
ORD-00597,108,165,2025-10-11,29,230.54,cancelado
ORD-00598,145,192,2025-10-07,4,1094.93,cancelado
ORD-00599,297,45,2025-09-19,5,567.03,emitido
ORD-00600,127,155,2025-08-20,32,721.85,cancelado
ORD-00601,137,95,2025-08-04,33,218.42,aprovado
ORD-00602,46,46,2025-11-01,29,809.02,cancelado
ORD-00603,7,67,2025-09-15,3,599.32,emitido
ORD-00604,326,164,2025-08-04,3,310.56,emitido
ORD-00605,409,16,2025-06-08,24,535.47,cancelado
ORD-00606,239,85,2025-08-18,16,1036.06,emitido
ORD-00607,149,99,2025-08-31,27,72.49,cancelado
ORD-00608,381,71,2025-10-04,21,947.71,emitido
ORD-00609,3,110,2025-05-21,20,925.77,cancelado
ORD-00610,242,15,2025-06-23,7,419.06,aprovado
ORD-00611,238,91,2025-07-28,3,189.88,aprovado
ORD-00612,297,163,2025-06-08,32,309.97,emitido
ORD-00613,271,186,2025-08-26,13,342.0,emitido
ORD-00614,358,94,2025-10-28,33,500.09,emitido
ORD-00615,235,95,2025-09-29,32,909.24,aprovado
ORD-00616,302,8,2025-07-17,6,109.98,aprovado
ORD-00617,478,120,2025-09-28,5,379.13,cancelado
ORD-00618,25,167,2025-06-29,4,944.8,cancelado
ORD-00619,142,44,2025-08-05,36,764.8,cancelado
ORD-00620,129,117,2025-08-26,24,282.49,emitido
ORD-00621,188,157,2025-07-17,38,39.6,aprovado
ORD-00622,316,65,2025-06-01,21,1159.39,cancelado
ORD-00623,75,155,2025-08-14,21,759.55,aprovado
ORD-00624,217,158,2025-09-07,16,219.28,cancelado
ORD-00625,33,50,2025-08-14,5,554.99,aprovado
ORD-00626,428,3,2025-10-23,5,900.79,aprovado
ORD-00627,61,125,2025-06-05,28,636.9,aprovado
ORD-00628,102,77,2025-11-04,9,545.73,cancelado
ORD-00629,377,55,2025-07-01,49,1102.0,cancelado
ORD-00630,61,10,2025-07-27,19,697.25,aprovado
ORD-00631,438,122,2025-05-22,43,621.88,emitido
ORD-00632,255,3,2025-09-01,21,471.85,aprovado
ORD-00633,360,65,2025-06-17,30,1053.92,aprovado
ORD-00634,438,197,2025-09-22,36,488.69,aprovado
ORD-00635,329,78,2025-10-06,26,608.89,aprovado
ORD-00636,433,189,2025-09-06,14,957.83,aprovado
ORD-00637,451,45,2025-06-09,16,979.56,cancelado
ORD-00638,482,122,2025-06-12,36,807.73,emitido
ORD-00639,388,76,2025-07-29,48,493.45,aprovado
ORD-00640,423,21,2025-08-21,46,439.09,aprovado
ORD-00641,405,112,2025-08-14,34,1114.6,aprovado
ORD-00642,401,176,2025-08-08,45,426.98,cancelado
ORD-00643,447,42,2025-10-24,48,770.7,emitido
ORD-00644,84,22,2025-07-05,42,209.42,cancelado
ORD-00645,6,84,2025-05-26,8,233.15,emitido
ORD-00646,65,13,2025-09-26,37,767.72,aprovado
ORD-00647,190,21,2025-10-31,23,340.62,emitido
ORD-00648,236,70,2025-06-19,44,938.89,aprovado
ORD-00649,51,22,2025-09-26,16,408.16,emitido
ORD-00650,354,94,2025-11-07,23,631.7,emitido
ORD-00651,151,100,2025-06-17,48,977.32,aprovado
ORD-00652,468,103,2025-06-24,50,1055.0,aprovado
ORD-00653,154,189,2025-06-15,45,793.72,emitido
ORD-00654,107,100,2025-06-03,2,949.13,cancelado
ORD-00655,77,146,2025-11-03,28,844.55,emitido
ORD-00656,332,115,2025-06-16,35,237.75,emitido
ORD-00657,99,163,2025-05-31,13,537.45,aprovado
ORD-00658,244,184,2025-10-24,34,280.74,aprovado
ORD-00659,231,99,2025-11-12,50,486.53,aprovado
ORD-00660,123,151,2025-10-03,46,978.79,emitido
ORD-00661,407,92,2025-08-18,42,791.41,emitido
ORD-00662,71,88,2025-06-23,25,466.34,aprovado
ORD-00663,425,136,2025-07-01,41,1172.6,cancelado
ORD-00664,202,149,2025-09-01,21,259.03,emitido
ORD-00665,273,88,2025-07-03,34,787.79,emitido
ORD-00666,355,101,2025-07-02,37,62.06,emitido
ORD-00667,429,157,2025-07-03,19,437.77,emitido
ORD-00668,372,200,2025-08-30,1,1136.22,aprovado
ORD-00669,97,114,2025-10-21,16,726.44,emitido
ORD-00670,308,59,2025-08-10,28,222.34,cancelado
ORD-00671,372,14,2025-06-26,13,1182.93,emitido
ORD-00672,364,155,2025-06-20,45,439.18,emitido
ORD-00673,69,108,2025-09-09,3,437.45,aprovado
ORD-00674,281,158,2025-10-04,14,693.72,aprovado
ORD-00675,410,118,2025-06-30,37,678.84,cancelado
ORD-00676,481,65,2025-06-28,49,707.6,cancelado
ORD-00677,327,2,2025-09-03,45,438.67,emitido
ORD-00678,220,80,2025-10-10,33,1006.84,cancelado
ORD-00679,68,98,2025-08-31,29,520.88,emitido
ORD-00680,257,27,2025-09-29,2,214.35,aprovado
ORD-00681,98,60,2025-10-11,32,1094.9,cancelado
ORD-00682,12,17,2025-10-27,10,788.35,emitido
ORD-00683,407,108,2025-08-05,3,980.88,emitido
ORD-00684,202,154,2025-10-07,47,1145.94,cancelado
ORD-00685,284,133,2025-08-26,44,604.01,emitido
ORD-00686,176,67,2025-08-21,42,1082.52,aprovado
ORD-00687,445,98,2025-07-12,2,661.78,cancelado
ORD-00688,28,87,2025-08-08,1,915.51,emitido
ORD-00689,363,191,2025-05-21,15,1056.71,aprovado
ORD-00690,490,73,2025-11-04,32,871.48,aprovado
ORD-00691,315,191,2025-07-07,32,372.79,emitido
ORD-00692,51,170,2025-11-15,8,367.88,aprovado
ORD-00693,163,151,2025-05-29,13,410.45,cancelado
ORD-00694,423,21,2025-10-16,39,824.39,aprovado
ORD-00695,456,31,2025-08-28,41,782.28,aprovado
ORD-00696,38,31,2025-08-02,1,580.92,emitido
ORD-00697,19,17,2025-10-15,45,933.95,emitido
ORD-00698,51,141,2025-07-16,7,722.41,aprovado
ORD-00699,439,133,2025-08-04,4,429.13,emitido
ORD-00700,484,133,2025-11-08,23,685.04,emitido
ORD-00701,363,47,2025-09-27,46,291.16,emitido
ORD-00702,283,183,2025-11-14,49,367.96,cancelado
ORD-00703,114,179,2025-08-18,9,1184.15,aprovado
ORD-00704,456,106,2025-10-03,28,818.32,emitido
ORD-00705,466,38,2025-07-10,28,1170.18,emitido
ORD-00706,407,57,2025-07-22,49,1117.59,cancelado
ORD-00707,121,19,2025-07-13,8,332.66,aprovado
ORD-00708,107,114,2025-10-02,37,687.69,cancelado
ORD-00709,439,194,2025-10-18,22,576.9,aprovado
ORD-00710,85,186,2025-09-25,8,87.12,emitido
ORD-00711,356,43,2025-05-28,21,1111.6,cancelado
ORD-00712,115,71,2025-07-02,48,503.87,cancelado
ORD-00713,152,103,2025-10-17,21,100.53,cancelado
ORD-00714,189,58,2025-11-15,7,442.14,cancelado
ORD-00715,271,135,2025-07-19,49,1025.75,aprovado
ORD-00716,35,158,2025-09-06,26,366.86,emitido
ORD-00717,175,167,2025-10-29,13,1126.05,aprovado
ORD-00718,111,197,2025-06-21,30,1044.85,emitido
ORD-00719,326,50,2025-11-10,15,1190.51,emitido
ORD-00720,13,48,2025-08-30,50,351.63,emitido
ORD-00721,221,177,2025-10-10,37,387.72,emitido
ORD-00722,31,6,2025-08-11,47,1165.44,emitido
ORD-00723,484,75,2025-09-14,40,388.11,emitido
ORD-00724,125,50,2025-06-22,34,783.86,aprovado
ORD-00725,122,32,2025-06-24,49,744.88,aprovado
ORD-00726,48,9,2025-08-16,18,549.91,emitido
ORD-00727,126,49,2025-08-31,38,1167.46,aprovado
ORD-00728,54,195,2025-09-02,1,172.07,cancelado
ORD-00729,119,193,2025-08-13,22,78.88,aprovado
ORD-00730,410,57,2025-09-23,17,1157.36,emitido
ORD-00731,435,84,2025-09-05,27,949.49,aprovado
ORD-00732,98,39,2025-05-25,20,594.83,aprovado
ORD-00733,181,137,2025-06-29,40,1048.58,cancelado
ORD-00734,149,159,2025-11-15,14,188.45,emitido
ORD-00735,171,198,2025-05-29,24,455.34,emitido
ORD-00736,457,63,2025-10-11,14,539.38,aprovado
ORD-00737,419,120,2025-05-24,13,110.32,emitido
ORD-00738,86,100,2025-07-31,6,762.82,cancelado
ORD-00739,432,161,2025-06-03,26,469.06,cancelado
ORD-00740,51,126,2025-05-24,34,1124.34,aprovado
ORD-00741,126,121,2025-05-27,40,559.23,emitido
ORD-00742,403,159,2025-06-26,36,893.19,aprovado
ORD-00743,14,186,2025-11-09,10,672.34,aprovado
ORD-00744,41,23,2025-11-05,35,554.95,emitido
ORD-00745,97,120,2025-09-08,40,137.62,aprovado
ORD-00746,160,36,2025-05-23,22,66.94,emitido
ORD-00747,274,89,2025-06-30,30,91.34,aprovado
ORD-00748,263,186,2025-08-26,6,464.55,cancelado
ORD-00749,8,5,2025-10-24,35,216.58,cancelado
ORD-00750,228,77,2025-06-06,2,289.3,aprovado
ORD-00751,265,111,2025-10-02,8,678.44,cancelado
ORD-00752,470,197,2025-08-17,15,681.05,cancelado
ORD-00753,215,81,2025-08-24,3,1076.14,cancelado
ORD-00754,67,144,2025-06-08,38,1179.33,cancelado
ORD-00755,319,198,2025-06-21,44,1027.95,cancelado
ORD-00756,273,80,2025-08-04,6,494.93,cancelado
ORD-00757,13,54,2025-09-22,50,933.44,cancelado
ORD-00758,189,61,2025-08-13,45,919.12,emitido
ORD-00759,369,27,2025-08-22,10,750.33,aprovado
ORD-00760,185,86,2025-10-14,26,1143.31,emitido
ORD-00761,1,185,2025-10-23,21,535.7,aprovado
ORD-00762,389,77,2025-07-06,13,376.46,cancelado
ORD-00763,404,49,2025-09-11,8,1136.34,aprovado
ORD-00764,140,157,2025-09-10,49,67.94,emitido
ORD-00765,27,199,2025-07-18,35,507.56,cancelado
ORD-00766,372,115,2025-08-28,3,266.27,aprovado
ORD-00767,246,192,2025-10-25,22,979.49,aprovado
ORD-00768,351,180,2025-10-08,12,1089.35,aprovado
ORD-00769,342,48,2025-10-08,17,443.98,aprovado
ORD-00770,377,90,2025-07-22,47,488.37,cancelado
ORD-00771,422,59,2025-11-01,6,266.63,emitido
ORD-00772,93,177,2025-05-30,11,975.67,aprovado
ORD-00773,297,37,2025-05-24,47,1164.31,emitido
ORD-00774,107,86,2025-08-02,19,294.91,aprovado
ORD-00775,178,24,2025-09-17,43,189.18,cancelado
ORD-00776,431,10,2025-08-02,3,149.7,aprovado
ORD-00777,399,3,2025-07-18,4,517.11,aprovado
ORD-00778,452,165,2025-07-16,9,827.11,emitido
ORD-00779,178,89,2025-09-20,5,705.87,aprovado
ORD-00780,279,84,2025-06-18,49,256.33,cancelado
ORD-00781,92,172,2025-08-07,19,1002.57,emitido
ORD-00782,18,97,2025-06-10,44,347.4,emitido
ORD-00783,383,79,2025-06-28,40,1117.98,cancelado
ORD-00784,52,83,2025-08-15,16,1092.01,aprovado
ORD-00785,334,139,2025-08-06,25,1086.97,aprovado
ORD-00786,141,39,2025-06-20,28,960.28,emitido
ORD-00787,16,131,2025-06-11,15,669.5,aprovado
ORD-00788,209,200,2025-05-21,15,1109.45,emitido
ORD-00789,431,19,2025-08-05,16,465.73,aprovado
ORD-00790,452,65,2025-09-30,36,850.55,aprovado
ORD-00791,192,153,2025-10-26,36,333.49,aprovado
ORD-00792,172,165,2025-08-31,49,912.14,cancelado
ORD-00793,218,116,2025-09-18,9,823.43,emitido
ORD-00794,228,117,2025-11-11,32,858.0,emitido
ORD-00795,34,198,2025-08-01,4,718.12,emitido
ORD-00796,51,41,2025-09-10,38,338.17,emitido
ORD-00797,254,160,2025-07-06,20,557.09,cancelado
ORD-00798,189,135,2025-10-18,1,952.58,cancelado
ORD-00799,432,179,2025-06-10,9,673.37,aprovado
ORD-00800,483,173,2025-09-15,43,596.17,emitido
ORD-00801,147,160,2025-10-25,18,302.32,emitido
ORD-00802,439,39,2025-05-24,23,205.83,cancelado
ORD-00803,101,21,2025-09-18,24,1113.09,emitido
ORD-00804,34,145,2025-10-10,12,750.87,aprovado
ORD-00805,47,106,2025-05-30,13,637.09,aprovado
ORD-00806,280,27,2025-08-08,41,1114.09,cancelado
ORD-00807,45,68,2025-07-29,11,859.53,aprovado
ORD-00808,225,127,2025-10-14,9,52.64,aprovado
ORD-00809,257,61,2025-08-27,6,1065.03,cancelado
ORD-00810,390,159,2025-08-11,32,950.52,emitido
ORD-00811,70,42,2025-07-09,9,268.07,cancelado
ORD-00812,185,35,2025-06-12,39,803.06,aprovado
ORD-00813,240,51,2025-09-04,46,1024.89,emitido
ORD-00814,249,125,2025-09-29,49,465.45,emitido
ORD-00815,293,78,2025-05-31,21,854.85,emitido
ORD-00816,289,96,2025-10-07,34,625.73,aprovado
ORD-00817,120,7,2025-06-10,14,302.09,aprovado
ORD-00818,195,170,2025-10-11,49,1015.72,emitido
ORD-00819,225,159,2025-10-27,37,596.24,emitido
ORD-00820,131,190,2025-08-26,8,697.84,aprovado
ORD-00821,297,68,2025-09-13,46,516.27,emitido
ORD-00822,121,144,2025-07-12,35,926.0,aprovado
ORD-00823,242,102,2025-10-03,14,1088.7,aprovado
ORD-00824,112,138,2025-11-05,12,940.86,cancelado
ORD-00825,372,22,2025-11-11,44,451.67,emitido
ORD-00826,98,163,2025-05-31,17,94.39,emitido
ORD-00827,171,3,2025-08-25,7,235.29,cancelado
ORD-00828,141,161,2025-10-10,4,523.3,aprovado
ORD-00829,238,109,2025-11-15,19,867.47,aprovado
ORD-00830,406,49,2025-11-13,4,558.57,emitido
ORD-00831,250,26,2025-08-28,35,752.99,emitido
ORD-00832,298,141,2025-05-23,10,505.13,emitido
ORD-00833,456,13,2025-06-08,7,1186.79,cancelado
ORD-00834,124,158,2025-07-06,1,1063.08,aprovado
ORD-00835,199,61,2025-11-13,35,875.74,emitido
ORD-00836,120,73,2025-07-19,35,556.54,aprovado
ORD-00837,437,41,2025-11-10,39,1093.11,emitido
ORD-00838,405,103,2025-08-08,19,184.99,cancelado
ORD-00839,449,120,2025-08-06,28,1029.23,cancelado
ORD-00840,372,122,2025-07-08,22,215.51,emitido
ORD-00841,354,144,2025-10-13,8,428.8,cancelado
ORD-00842,454,190,2025-08-14,47,526.01,aprovado
ORD-00843,490,103,2025-10-08,26,1049.87,cancelado
ORD-00844,87,72,2025-05-21,9,555.34,aprovado
ORD-00845,285,186,2025-09-01,17,702.65,cancelado
ORD-00846,13,153,2025-08-24,5,163.69,aprovado
ORD-00847,236,96,2025-08-25,32,510.1,emitido
ORD-00848,470,102,2025-07-21,46,562.97,cancelado
ORD-00849,28,35,2025-09-11,36,520.85,aprovado
ORD-00850,301,200,2025-08-10,3,433.88,emitido
ORD-00851,342,136,2025-05-27,42,1199.27,cancelado
ORD-00852,9,14,2025-06-06,19,791.8,emitido
ORD-00853,379,67,2025-09-05,25,881.94,aprovado
ORD-00854,408,146,2025-09-20,3,294.03,emitido
ORD-00855,94,39,2025-05-25,19,752.31,aprovado
ORD-00856,178,77,2025-08-18,40,550.29,aprovado
ORD-00857,385,144,2025-10-04,6,732.6,cancelado
ORD-00858,399,41,2025-09-14,29,934.23,aprovado
ORD-00859,309,21,2025-08-26,43,1138.86,cancelado
ORD-00860,418,76,2025-10-05,44,1018.79,emitido
ORD-00861,127,83,2025-07-31,12,537.23,aprovado
ORD-00862,285,64,2025-06-28,34,354.26,emitido
ORD-00863,309,31,2025-07-03,29,751.55,aprovado
ORD-00864,20,63,2025-05-26,1,670.15,emitido
ORD-00865,33,127,2025-06-26,24,329.28,aprovado
ORD-00866,161,192,2025-09-10,11,581.18,emitido
ORD-00867,196,99,2025-06-13,12,41.86,emitido
ORD-00868,179,61,2025-09-22,20,444.28,aprovado
ORD-00869,38,55,2025-09-07,11,95.53,aprovado
ORD-00870,339,155,2025-07-31,17,347.96,cancelado
ORD-00871,98,150,2025-06-27,38,416.49,emitido
ORD-00872,316,144,2025-10-08,9,546.78,aprovado
ORD-00873,493,187,2025-06-09,8,144.17,cancelado
ORD-00874,298,95,2025-07-05,29,656.13,emitido
ORD-00875,315,46,2025-10-15,50,307.55,aprovado
ORD-00876,312,172,2025-11-06,16,825.19,cancelado
ORD-00877,433,60,2025-09-06,16,645.47,cancelado
ORD-00878,39,87,2025-09-24,48,750.85,cancelado
ORD-00879,368,34,2025-05-22,39,802.19,cancelado
ORD-00880,248,175,2025-07-08,34,939.48,cancelado
ORD-00881,335,109,2025-06-06,11,686.17,aprovado
ORD-00882,136,59,2025-06-21,21,873.15,aprovado
ORD-00883,20,130,2025-08-15,48,1010.91,aprovado
ORD-00884,274,106,2025-06-07,39,652.79,aprovado
ORD-00885,357,124,2025-07-30,26,796.11,cancelado
ORD-00886,140,197,2025-09-20,41,1106.3,emitido
ORD-00887,303,186,2025-09-04,37,253.36,emitido
ORD-00888,253,167,2025-07-18,39,826.49,emitido
ORD-00889,65,195,2025-08-26,20,991.28,emitido
ORD-00890,67,167,2025-11-08,29,642.62,emitido
ORD-00891,357,120,2025-11-02,37,929.26,cancelado
ORD-00892,281,76,2025-07-30,14,851.46,cancelado
ORD-00893,181,179,2025-06-21,45,976.19,aprovado
ORD-00894,483,67,2025-07-07,8,742.15,cancelado
ORD-00895,439,72,2025-06-27,36,695.82,emitido
ORD-00896,432,189,2025-10-12,29,1110.61,emitido
ORD-00897,452,99,2025-08-25,46,935.08,emitido
ORD-00898,225,105,2025-08-05,48,758.06,aprovado
ORD-00899,94,167,2025-07-22,40,297.18,emitido
ORD-00900,98,128,2025-11-06,5,958.86,cancelado
ORD-00901,79,22,2025-09-09,2,882.4,cancelado
ORD-00902,471,36,2025-09-26,47,776.98,cancelado
ORD-00903,382,193,2025-05-26,9,197.54,emitido
ORD-00904,330,141,2025-05-26,46,737.75,aprovado
ORD-00905,212,194,2025-08-06,37,321.04,cancelado
ORD-00906,404,190,2025-10-29,47,116.6,emitido
ORD-00907,125,87,2025-10-03,44,672.36,cancelado
ORD-00908,70,132,2025-09-09,19,858.27,aprovado
ORD-00909,180,155,2025-08-17,4,749.68,cancelado
ORD-00910,373,177,2025-10-16,38,830.5,emitido
ORD-00911,346,9,2025-09-30,35,805.41,aprovado
ORD-00912,211,118,2025-08-02,47,1012.74,aprovado
ORD-00913,300,8,2025-06-13,41,1184.35,cancelado
ORD-00914,10,8,2025-10-15,19,215.28,aprovado
ORD-00915,51,63,2025-08-24,39,423.06,emitido
ORD-00916,391,10,2025-09-22,40,1026.04,aprovado
ORD-00917,447,171,2025-10-12,7,374.22,aprovado
ORD-00918,29,21,2025-09-09,33,995.73,aprovado
ORD-00919,9,79,2025-07-29,47,1066.96,aprovado
ORD-00920,359,49,2025-07-30,15,320.63,cancelado
ORD-00921,168,83,2025-10-01,41,488.15,emitido
ORD-00922,236,25,2025-08-09,33,424.43,cancelado
ORD-00923,251,10,2025-08-23,15,847.06,aprovado
ORD-00924,464,22,2025-09-23,21,85.97,aprovado
ORD-00925,144,80,2025-08-18,26,854.39,cancelado
ORD-00926,49,70,2025-09-28,34,912.31,cancelado
ORD-00927,111,55,2025-05-27,27,701.65,cancelado
ORD-00928,180,128,2025-10-01,16,653.73,cancelado
ORD-00929,256,122,2025-11-04,19,342.2,emitido
ORD-00930,146,1,2025-07-30,41,388.42,aprovado
ORD-00931,299,29,2025-06-26,9,1031.3,emitido
ORD-00932,432,92,2025-08-13,16,96.12,emitido
ORD-00933,128,135,2025-10-04,3,929.92,aprovado
ORD-00934,161,103,2025-06-11,8,797.53,emitido
ORD-00935,214,101,2025-07-20,20,898.58,aprovado
ORD-00936,135,108,2025-11-07,16,367.37,aprovado
ORD-00937,55,42,2025-06-03,38,1087.7,aprovado
ORD-00938,171,45,2025-10-15,46,1015.97,cancelado
ORD-00939,292,66,2025-09-25,31,891.45,emitido
ORD-00940,74,50,2025-05-27,19,230.21,emitido
ORD-00941,393,2,2025-10-03,12,713.15,cancelado
ORD-00942,351,64,2025-10-29,43,942.78,cancelado
ORD-00943,198,5,2025-06-07,43,365.88,cancelado
ORD-00944,45,110,2025-09-24,5,1198.11,emitido
ORD-00945,4,97,2025-08-06,3,841.49,aprovado
ORD-00946,461,185,2025-09-13,45,733.87,cancelado
ORD-00947,438,10,2025-09-11,38,787.81,emitido
ORD-00948,47,42,2025-07-07,41,947.28,aprovado
ORD-00949,450,133,2025-09-01,23,715.97,emitido
ORD-00950,323,174,2025-11-09,32,371.53,cancelado
ORD-00951,200,198,2025-07-16,22,376.96,aprovado
ORD-00952,356,155,2025-07-31,17,309.69,emitido
ORD-00953,29,87,2025-08-06,2,392.8,emitido
ORD-00954,2,165,2025-06-27,6,723.05,emitido
ORD-00955,418,76,2025-06-26,48,809.16,emitido
ORD-00956,407,46,2025-08-11,39,989.08,cancelado
ORD-00957,308,114,2025-06-05,2,767.55,aprovado
ORD-00958,402,91,2025-07-26,42,797.28,emitido
ORD-00959,119,10,2025-07-26,6,758.43,cancelado
ORD-00960,303,65,2025-08-31,18,449.81,aprovado
ORD-00961,66,61,2025-09-29,40,72.77,emitido
ORD-00962,350,36,2025-07-06,40,203.95,aprovado
ORD-00963,126,94,2025-05-24,1,839.57,cancelado
ORD-00964,14,198,2025-07-28,31,380.66,aprovado
ORD-00965,385,128,2025-11-04,49,475.6,emitido
ORD-00966,54,129,2025-10-14,45,490.17,cancelado
ORD-00967,120,117,2025-07-02,38,895.62,cancelado
ORD-00968,326,194,2025-10-08,12,47.99,aprovado
ORD-00969,198,14,2025-05-26,34,459.61,emitido
ORD-00970,244,28,2025-08-02,28,750.84,emitido
ORD-00971,75,53,2025-10-13,45,33.56,emitido
ORD-00972,280,80,2025-05-24,5,684.87,cancelado
ORD-00973,417,64,2025-06-09,33,625.25,emitido
ORD-00974,152,116,2025-06-01,30,1130.19,cancelado
ORD-00975,308,72,2025-07-03,25,1158.51,cancelado
ORD-00976,287,120,2025-10-01,6,737.66,cancelado
ORD-00977,341,113,2025-08-10,14,810.65,cancelado
ORD-00978,24,137,2025-09-21,28,956.91,cancelado
ORD-00979,446,66,2025-07-09,50,396.78,aprovado
ORD-00980,264,14,2025-06-19,14,771.77,aprovado
ORD-00981,318,2,2025-06-19,9,613.09,aprovado
ORD-00982,224,177,2025-05-27,33,893.78,emitido
ORD-00983,213,112,2025-09-13,49,681.91,aprovado
ORD-00984,356,79,2025-10-16,37,682.77,emitido
ORD-00985,23,199,2025-05-24,23,930.05,cancelado
ORD-00986,184,86,2025-06-14,42,489.81,aprovado
ORD-00987,131,69,2025-10-19,1,310.61,aprovado
ORD-00988,182,153,2025-07-20,28,838.54,emitido
ORD-00989,448,3,2025-08-24,9,690.89,emitido
ORD-00990,5,175,2025-07-19,17,822.76,emitido
ORD-00991,286,17,2025-06-25,32,992.38,aprovado
ORD-00992,387,180,2025-08-04,34,271.19,emitido
ORD-00993,105,109,2025-09-27,24,836.74,aprovado
ORD-00994,247,119,2025-11-11,10,901.77,cancelado
ORD-00995,477,30,2025-10-17,34,1000.17,cancelado
ORD-00996,30,174,2025-08-27,40,716.61,aprovado
ORD-00997,208,188,2025-09-18,35,582.2,emitido
ORD-00998,189,13,2025-06-03,13,629.07,cancelado
ORD-00999,227,188,2025-09-04,47,226.43,cancelado
ORD-01000,305,21,2025-08-09,3,92.01,aprovado
