order_id,data_envio,data_entrega,prazo_estimado,prazo_real,custo_transporte,distancia_km,modal
ORD-00001,2025-10-30,2025-11-04,5,5,38.29,1399.87,Rodoviário
ORD-00002,2025-06-07,2025-06-14,7,7,331.24,293.59,Rodoviário
ORD-00003,2025-08-01,2025-08-08,5,7,192.27,1010.14,Correios
ORD-00004,2025-08-07,2025-08-18,12,11,244.94,963.48,Correios
ORD-00005,2025-06-21,2025-07-02,10,11,91.54,880.05,Rodoviário
ORD-00006,2025-08-09,2025-08-18,8,9,53.37,1324.49,Aéreo
ORD-00007,2025-09-08,2025-09-15,7,7,234.85,673.27,Aéreo
ORD-00008,2025-10-27,2025-11-04,8,8,223.93,114.94,Correios
ORD-00009,2025-08-13,2025-08-15,3,2,198.31,1382.72,Aéreo
ORD-00010,2025-09-17,2025-09-30,12,13,293.73,1424.62,Aéreo
ORD-00011,2025-09-17,2025-09-29,11,12,86.55,506.15,Rodoviário
ORD-00012,2025-07-21,2025-07-25,4,4,345.04,1022.86,Correios
ORD-00013,2025-05-31,2025-06-07,5,7,337.65,1030.75,Correios
ORD-00014,2025-08-01,2025-08-01,2,0,122.34,330.65,Aéreo
ORD-00015,2025-09-05,2025-09-15,9,10,206.74,375.98,Aéreo
ORD-00016,2025-06-16,2025-06-24,7,8,88.3,500.31,Rodoviário
ORD-00017,2025-07-15,2025-07-19,2,4,192.62,384.94,Correios
ORD-00018,2025-10-27,2025-10-29,4,2,90.4,683.6,Correios
ORD-00019,2025-10-28,2025-11-05,9,8,246.67,901.36,Rodoviário
ORD-00020,2025-09-09,2025-09-12,4,3,217.23,1378.91,Correios
ORD-00021,2025-06-15,2025-06-25,9,10,318.11,600.62,Correios
ORD-00022,2025-11-02,2025-11-10,6,8,240.35,1227.36,Correios
ORD-00023,2025-06-07,2025-06-09,4,2,340.94,226.15,Rodoviário
ORD-00024,2025-07-04,2025-07-09,7,5,213.16,973.59,Correios
ORD-00025,2025-08-16,2025-08-25,8,9,192.13,349.87,Rodoviário
ORD-00026,2025-11-07,2025-11-11,6,4,278.38,328.63,Aéreo
ORD-00027,2025-07-30,2025-08-03,6,4,136.66,1138.36,Correios
ORD-00028,2025-10-14,2025-10-25,12,11,283.04,1229.65,Aéreo
ORD-00029,2025-08-05,2025-08-11,7,6,123.25,544.51,Correios
ORD-00030,2025-07-17,2025-07-19,2,2,87.45,822.17,Correios
ORD-00031,2025-06-20,2025-06-25,3,5,113.87,825.49,Rodoviário
ORD-00032,2025-05-29,2025-06-07,10,9,300.91,344.62,Correios
ORD-00033,2025-09-11,2025-09-23,11,12,177.41,351.63,Correios
ORD-00034,2025-09-15,2025-09-23,7,8,242.54,255.52,Aéreo
ORD-00035,2025-07-31,2025-08-14,12,14,87.85,1102.56,Aéreo
ORD-00036,2025-07-26,2025-08-05,8,10,240.54,632.6,Aéreo
ORD-00037,2025-07-04,2025-07-10,6,6,58.75,202.84,Aéreo
ORD-00038,2025-07-28,2025-08-02,7,5,311.85,408.69,Correios
ORD-00039,2025-09-08,2025-09-20,10,12,302.99,1093.89,Rodoviário
ORD-00040,2025-10-23,2025-10-31,9,8,188.69,1117.68,Correios
ORD-00041,2025-06-19,2025-06-29,9,10,222.15,541.1,Correios
ORD-00042,2025-07-01,2025-07-08,5,7,159.49,310.73,Rodoviário
ORD-00043,2025-10-11,2025-10-18,6,7,24.03,929.48,Aéreo
ORD-00044,2025-11-11,2025-11-20,10,9,86.54,52.84,Aéreo
ORD-00045,2025-09-04,2025-09-15,9,11,338.63,1309.03,Rodoviário
ORD-00046,2025-06-12,2025-06-24,10,12,316.42,1349.9,Aéreo
ORD-00047,2025-05-31,2025-06-10,12,10,41.84,1390.92,Rodoviário
ORD-00048,2025-05-27,2025-06-09,11,13,321.28,791.35,Aéreo
ORD-00049,2025-08-20,2025-08-26,6,6,324.6,1279.5,Aéreo
ORD-00050,2025-08-03,2025-08-09,7,6,224.34,996.08,Rodoviário
ORD-00051,2025-07-27,2025-08-06,9,10,282.33,1063.54,Rodoviário
ORD-00052,2025-07-19,2025-07-23,4,4,55.93,826.97,Aéreo
ORD-00053,2025-10-12,2025-10-19,8,7,84.74,517.28,Aéreo
ORD-00054,2025-09-29,2025-10-07,7,8,21.12,417.07,Rodoviário
ORD-00055,2025-10-08,2025-10-14,8,6,224.41,739.01,Aéreo
ORD-00056,2025-11-01,2025-11-07,6,6,306.31,704.88,Rodoviário
ORD-00057,2025-10-22,2025-10-24,4,2,187.38,1143.75,Rodoviário
ORD-00058,2025-10-29,2025-11-04,4,6,208.93,198.88,Correios
ORD-00059,2025-07-22,2025-07-28,4,6,181.29,30.1,Aéreo
ORD-00060,2025-09-02,2025-09-07,7,5,258.7,719.16,Correios
ORD-00061,2025-06-06,2025-06-13,9,7,117.41,206.94,Rodoviário
ORD-00062,2025-07-12,2025-07-23,10,11,76.29,1149.27,Correios
ORD-00063,2025-09-12,2025-09-16,5,4,246.54,589.09,Correios
ORD-00064,2025-08-12,2025-08-23,9,11,288.19,693.17,Aéreo
ORD-00065,2025-07-12,2025-07-16,2,4,246.07,738.98,Correios
ORD-00066,2025-10-05,2025-10-14,7,9,28.02,387.97,Rodoviário
ORD-00067,2025-07-07,2025-07-19,10,12,266.77,1278.98,Aéreo
ORD-00068,2025-06-24,2025-06-30,5,6,296.62,519.42,Aéreo
ORD-00069,2025-07-11,2025-07-21,12,10,198.67,1085.68,Correios
ORD-00070,2025-06-05,2025-06-10,6,5,97.25,1443.23,Rodoviário
ORD-00071,2025-08-19,2025-08-29,9,10,92.0,1200.17,Aéreo
ORD-00072,2025-09-19,2025-09-26,5,7,288.85,1136.79,Aéreo
ORD-00073,2025-09-19,2025-10-01,12,12,41.92,400.7,Correios
ORD-00074,2025-06-11,2025-06-24,11,13,82.81,372.48,Rodoviário
ORD-00075,2025-07-07,2025-07-17,8,10,197.54,603.82,Correios
ORD-00076,2025-09-23,2025-10-04,9,11,174.56,289.05,Correios
ORD-00077,2025-10-22,2025-10-24,3,2,262.39,174.77,Rodoviário
ORD-00078,2025-09-15,2025-09-18,5,3,91.38,1163.09,Rodoviário
ORD-00079,2025-09-02,2025-09-07,7,5,312.47,1368.14,Rodoviário
ORD-00080,2025-10-25,2025-10-28,3,3,315.12,297.88,Rodoviário
ORD-00081,2025-06-27,2025-07-02,7,5,280.58,664.4,Rodoviário
ORD-00082,2025-06-30,2025-07-09,10,9,229.26,17.13,Rodoviário
ORD-00083,2025-06-13,2025-06-21,8,8,211.25,1413.08,Rodoviário
ORD-00084,2025-10-19,2025-10-26,9,7,84.61,727.53,Rodoviário
ORD-00085,2025-08-11,2025-08-14,3,3,26.24,52.52,Aéreo
ORD-00086,2025-08-24,2025-09-06,11,13,105.35,94.65,Rodoviário
ORD-00087,2025-09-01,2025-09-07,7,6,180.37,154.24,Correios
ORD-00088,2025-11-10,2025-11-13,4,3,154.53,952.09,Aéreo
ORD-00089,2025-08-14,2025-08-20,7,6,302.34,460.07,Rodoviário
ORD-00090,2025-11-05,2025-11-16,12,11,21.12,956.04,Aéreo
ORD-00091,2025-08-16,2025-08-21,4,5,98.08,733.51,Rodoviário
ORD-00092,2025-10-15,2025-10-20,3,5,127.07,604.38,Rodoviário
ORD-00093,2025-10-23,2025-10-26,5,3,198.38,165.48,Rodoviário
ORD-00094,2025-07-28,2025-08-10,12,13,108.04,204.42,Aéreo
ORD-00095,2025-09-01,2025-09-12,11,11,51.96,139.93,Aéreo
ORD-00096,2025-08-24,2025-08-30,5,6,227.46,1361.21,Correios
ORD-00097,2025-09-13,2025-09-21,8,8,157.98,1219.65,Correios
ORD-00098,2025-07-31,2025-08-04,6,4,246.35,992.62,Correios
ORD-00099,2025-10-03,2025-10-11,9,8,280.23,1108.81,Aéreo
ORD-00100,2025-07-05,2025-07-05,2,0,71.8,535.31,Correios
ORD-00101,2025-10-30,2025-11-08,9,9,137.91,356.13,Aéreo
ORD-00102,2025-10-15,2025-10-26,10,11,111.05,476.08,Rodoviário
ORD-00103,2025-09-05,2025-09-14,7,9,269.59,1412.13,Aéreo
ORD-00104,2025-10-20,2025-11-01,10,12,197.86,115.54,Correios
ORD-00105,2025-10-23,2025-11-02,8,10,255.29,939.36,Rodoviário
ORD-00106,2025-11-06,2025-11-19,12,13,210.39,1025.57,Aéreo
ORD-00107,2025-09-06,2025-09-15,8,9,141.17,983.3,Aéreo
ORD-00108,2025-10-06,2025-10-08,4,2,75.57,311.35,Aéreo
ORD-00109,2025-10-31,2025-11-10,12,10,95.33,380.76,Correios
ORD-00110,2025-09-25,2025-09-28,3,3,59.74,1157.35,Aéreo
ORD-00111,2025-07-03,2025-07-05,2,2,236.19,313.74,Correios
ORD-00112,2025-06-12,2025-06-16,6,4,280.6,45.73,Rodoviário
ORD-00113,2025-05-28,2025-06-09,11,12,34.44,1474.88,Aéreo
ORD-00114,2025-08-10,2025-08-19,7,9,89.82,1451.47,Aéreo
ORD-00115,2025-06-10,2025-06-14,6,4,227.6,1215.31,Correios
ORD-00116,2025-06-24,2025-06-29,5,5,266.1,981.0,Correios
ORD-00117,2025-07-01,2025-07-07,8,6,310.83,730.81,Correios
ORD-00118,2025-06-05,2025-06-14,7,9,82.71,39.02,Rodoviário
ORD-00119,2025-08-26,2025-08-30,3,4,70.78,1043.65,Correios
ORD-00120,2025-08-10,2025-08-14,4,4,48.06,320.92,Aéreo
ORD-00121,2025-11-17,2025-11-24,5,7,176.15,314.29,Aéreo
ORD-00122,2025-09-14,2025-09-20,6,6,37.66,356.75,Rodoviário
ORD-00123,2025-10-17,2025-10-26,7,9,312.67,774.71,Aéreo
ORD-00124,2025-07-17,2025-07-18,2,1,215.45,164.88,Rodoviário
ORD-00125,2025-06-02,2025-06-03,3,1,201.56,1329.53,Correios
ORD-00126,2025-06-13,2025-06-15,2,2,179.74,165.77,Correios
ORD-00127,2025-06-28,2025-07-06,7,8,152.78,767.32,Rodoviário
ORD-00128,2025-06-04,2025-06-06,4,2,329.99,1094.7,Aéreo
ORD-00129,2025-07-15,2025-07-26,10,11,25.74,436.07,Rodoviário
ORD-00130,2025-09-14,2025-09-18,5,4,285.15,1128.77,Correios
ORD-00131,2025-07-14,2025-07-15,3,1,127.06,664.67,Rodoviário
ORD-00132,2025-06-01,2025-06-04,5,3,309.51,177.6,Rodoviário
ORD-00133,2025-09-16,2025-09-27,12,11,239.09,945.52,Correios
ORD-00134,2025-09-07,2025-09-16,9,9,209.35,500.56,Correios
ORD-00135,2025-05-28,2025-06-04,9,7,264.65,1309.24,Rodoviário
ORD-00136,2025-05-22,2025-05-25,2,3,40.35,1138.66,Correios
ORD-00137,2025-08-29,2025-09-01,2,3,284.97,487.11,Correios
ORD-00138,2025-06-14,2025-06-20,5,6,247.39,73.69,Correios
ORD-00139,2025-09-30,2025-10-05,3,5,52.54,1207.7,Correios
ORD-00140,2025-07-02,2025-07-12,8,10,334.42,1242.3,Correios
ORD-00141,2025-07-24,2025-07-27,2,3,182.29,1215.64,Rodoviário
ORD-00142,2025-06-10,2025-06-18,9,8,228.73,54.51,Aéreo
ORD-00143,2025-10-28,2025-11-08,11,11,83.54,70.57,Aéreo
ORD-00144,2025-11-05,2025-11-17,10,12,336.72,1071.53,Aéreo
ORD-00145,2025-11-14,2025-11-24,9,10,95.9,362.01,Rodoviário
ORD-00146,2025-08-11,2025-08-20,11,9,136.26,894.25,Correios
ORD-00147,2025-06-15,2025-06-26,11,11,146.93,1125.06,Correios
ORD-00148,2025-07-01,2025-07-08,8,7,196.58,534.2,Rodoviário
ORD-00149,2025-06-25,2025-07-05,11,10,91.01,130.71,Aéreo
ORD-00150,2025-06-24,2025-07-06,12,12,317.8,883.03,Aéreo
ORD-00151,2025-09-24,2025-09-28,6,4,84.64,1332.39,Correios
ORD-00152,2025-08-11,2025-08-11,2,0,105.65,974.09,Aéreo
ORD-00153,2025-06-18,2025-06-24,7,6,47.42,1177.43,Correios
ORD-00154,2025-06-20,2025-06-22,3,2,48.84,1185.76,Rodoviário
ORD-00155,2025-11-18,2025-11-20,2,2,113.45,415.61,Rodoviário
ORD-00156,2025-06-15,2025-06-16,3,1,118.09,840.26,Rodoviário
ORD-00157,2025-07-29,2025-08-10,11,12,62.79,294.91,Rodoviário
ORD-00158,2025-10-18,2025-10-28,11,10,86.16,803.27,Rodoviário
ORD-00159,2025-06-22,2025-06-26,3,4,68.37,118.12,Correios
ORD-00160,2025-08-13,2025-08-14,3,1,195.43,707.64,Correios
ORD-00161,2025-08-14,2025-08-18,5,4,115.13,352.42,Correios
ORD-00162,2025-10-20,2025-10-30,9,10,246.34,236.98,Aéreo
ORD-00163,2025-06-13,2025-06-19,4,6,71.61,1363.36,Rodoviário
ORD-00164,2025-10-09,2025-10-20,9,11,202.67,756.8,Rodoviário
ORD-00165,2025-08-19,2025-08-23,6,4,129.57,1229.69,Correios
ORD-00166,2025-11-19,2025-11-25,4,6,202.8,486.61,Rodoviário
ORD-00167,2025-08-28,2025-09-10,11,13,330.42,188.29,Rodoviário
ORD-00168,2025-09-26,2025-10-01,6,5,135.98,1059.28,Correios
ORD-00169,2025-06-08,2025-06-09,3,1,81.25,789.55,Correios
ORD-00170,2025-09-04,2025-09-15,9,11,158.7,1478.72,Rodoviário
ORD-00171,2025-10-28,2025-11-03,5,6,230.34,345.17,Rodoviário
ORD-00172,2025-09-22,2025-10-01,9,9,43.21,1253.06,Correios
ORD-00173,2025-10-29,2025-11-08,12,10,98.62,1280.3,Rodoviário
ORD-00174,2025-08-20,2025-08-30,12,10,182.1,333.28,Correios
ORD-00175,2025-09-11,2025-09-16,3,5,307.78,1210.44,Correios
ORD-00176,2025-10-19,2025-10-22,2,3,207.35,1091.38,Rodoviário
ORD-00177,2025-06-29,2025-07-07,8,8,30.18,689.63,Aéreo
ORD-00178,2025-09-08,2025-09-16,6,8,92.68,540.47,Correios
ORD-00179,2025-09-26,2025-10-06,8,10,113.03,863.63,Correios
ORD-00180,2025-08-30,2025-09-03,6,4,47.26,689.02,Rodoviário
ORD-00181,2025-09-23,2025-10-04,10,11,90.75,1205.64,Aéreo
ORD-00182,2025-07-02,2025-07-08,4,6,37.12,1435.52,Aéreo
ORD-00183,2025-10-22,2025-10-24,2,2,313.4,945.22,Correios
ORD-00184,2025-08-15,2025-08-21,4,6,279.45,676.6,Aéreo
ORD-00185,2025-06-08,2025-06-09,3,1,86.86,1445.9,Rodoviário
ORD-00186,2025-10-30,2025-10-31,2,1,307.22,893.51,Aéreo
ORD-00187,2025-10-05,2025-10-07,3,2,61.62,14.59,Rodoviário
ORD-00188,2025-09-08,2025-09-12,3,4,80.78,652.93,Rodoviário
ORD-00189,2025-09-30,2025-10-09,11,9,226.53,154.84,Aéreo
ORD-00190,2025-11-19,2025-11-27,6,8,202.16,69.46,Aéreo
ORD-00191,2025-05-26,2025-06-06,9,11,215.44,250.37,Rodoviário
ORD-00192,2025-11-03,2025-11-05,3,2,66.72,895.34,Aéreo
ORD-00193,2025-08-04,2025-08-08,3,4,91.03,950.1,Correios
ORD-00194,2025-06-12,2025-06-21,8,9,274.87,83.9,Correios
ORD-00195,2025-10-16,2025-10-28,12,12,61.72,592.3,Aéreo
ORD-00196,2025-09-20,2025-09-27,6,7,145.82,1128.2,Aéreo
ORD-00197,2025-07-19,2025-07-30,11,11,260.97,765.08,Rodoviário
ORD-00198,2025-08-15,2025-08-21,4,6,154.98,652.43,Rodoviário
ORD-00199,2025-11-02,2025-11-07,4,5,118.92,1296.57,Correios
ORD-00200,2025-10-01,2025-10-03,2,2,323.17,1202.9,Correios
ORD-00201,2025-09-23,2025-09-29,4,6,264.61,90.54,Aéreo
ORD-00202,2025-07-21,2025-07-26,3,5,184.54,599.63,Rodoviário
ORD-00203,2025-08-03,2025-08-10,9,7,171.27,290.34,Aéreo
ORD-00204,2025-08-18,2025-08-25,6,7,94.82,1103.31,Correios
ORD-00205,2025-10-19,2025-10-24,7,5,237.51,751.49,Correios
ORD-00206,2025-09-17,2025-09-26,9,9,341.45,348.32,Correios
ORD-00207,2025-10-10,2025-10-18,9,8,145.1,792.1,Aéreo
ORD-00208,2025-07-21,2025-07-27,4,6,150.97,952.83,Correios
ORD-00209,2025-09-27,2025-10-04,7,7,113.26,330.92,Aéreo
ORD-00210,2025-06-02,2025-06-13,11,11,323.93,315.35,Aéreo
ORD-00211,2025-07-06,2025-07-11,4,5,347.85,614.6,Rodoviário
ORD-00212,2025-10-03,2025-10-12,11,9,152.15,702.79,Correios
ORD-00213,2025-11-14,2025-11-19,4,5,232.19,229.06,Aéreo
ORD-00214,2025-10-02,2025-10-09,7,7,138.45,468.34,Aéreo
ORD-00215,2025-07-23,2025-08-03,9,11,108.47,262.65,Correios
ORD-00216,2025-08-12,2025-08-18,6,6,92.29,710.94,Rodoviário
ORD-00217,2025-09-23,2025-09-28,6,5,204.33,989.22,Rodoviário
ORD-00218,2025-09-23,2025-09-30,8,7,156.32,391.36,Rodoviário
ORD-00219,2025-08-16,2025-08-25,11,9,267.52,544.99,Correios
ORD-00220,2025-09-07,2025-09-16,7,9,135.35,1047.2,Rodoviário
ORD-00221,2025-10-03,2025-10-09,4,6,312.44,1023.7,Rodoviário
ORD-00222,2025-06-29,2025-07-04,5,5,283.63,555.44,Correios
ORD-00223,2025-05-25,2025-06-06,10,12,39.7,1016.64,Rodoviário
ORD-00224,2025-10-03,2025-10-11,6,8,242.13,1171.15,Correios
ORD-00225,2025-06-07,2025-06-11,2,4,249.4,626.86,Rodoviário
ORD-00226,2025-09-30,2025-10-01,3,1,70.89,236.58,Correios
ORD-00227,2025-07-20,2025-07-25,3,5,250.11,1172.26,Correios
ORD-00228,2025-11-08,2025-11-19,11,11,341.41,1000.61,Correios
ORD-00229,2025-08-12,2025-08-17,4,5,111.94,137.01,Aéreo
ORD-00230,2025-06-22,2025-06-27,7,5,232.72,699.87,Aéreo
ORD-00231,2025-07-12,2025-07-14,4,2,340.7,202.2,Rodoviário
ORD-00232,2025-07-29,2025-08-05,9,7,298.62,321.64,Aéreo
ORD-00233,2025-06-04,2025-06-07,4,3,147.34,763.84,Correios
ORD-00234,2025-07-23,2025-07-27,5,4,149.9,1197.61,Rodoviário
ORD-00235,2025-08-16,2025-08-24,8,8,40.27,718.42,Rodoviário
ORD-00236,2025-07-12,2025-07-16,4,4,114.21,549.96,Correios
ORD-00237,2025-10-08,2025-10-22,12,14,231.03,784.16,Correios
ORD-00238,2025-05-29,2025-06-08,11,10,243.19,1388.74,Correios
ORD-00239,2025-08-22,2025-09-03,10,12,226.03,323.52,Rodoviário
ORD-00240,2025-11-07,2025-11-11,6,4,164.41,758.41,Correios
ORD-00241,2025-10-13,2025-10-19,5,6,228.07,547.92,Correios
ORD-00242,2025-09-07,2025-09-16,10,9,287.41,547.93,Aéreo
ORD-00243,2025-08-14,2025-08-18,3,4,309.51,932.1,Aéreo
ORD-00244,2025-06-24,2025-07-04,12,10,269.16,446.54,Correios
ORD-00245,2025-09-14,2025-09-20,8,6,331.27,235.7,Correios
ORD-00246,2025-10-19,2025-10-22,5,3,311.1,1358.08,Aéreo
ORD-00247,2025-08-23,2025-09-02,8,10,230.38,598.08,Correios
ORD-00248,2025-09-07,2025-09-14,7,7,73.89,1464.13,Rodoviário
ORD-00249,2025-07-02,2025-07-02,2,0,185.8,582.58,Correios
ORD-00250,2025-08-11,2025-08-22,12,11,209.44,631.3,Correios
ORD-00251,2025-09-01,2025-09-08,6,7,170.39,496.43,Aéreo
ORD-00252,2025-07-30,2025-08-10,9,11,325.26,1426.34,Rodoviário
ORD-00253,2025-09-13,2025-09-23,9,10,297.78,550.18,Correios
ORD-00254,2025-06-04,2025-06-13,10,9,52.83,266.69,Aéreo
ORD-00255,2025-06-01,2025-06-12,12,11,64.7,236.58,Correios
ORD-00256,2025-09-18,2025-09-24,5,6,45.69,1419.82,Aéreo
ORD-00257,2025-08-09,2025-08-13,4,4,113.16,737.49,Rodoviário
ORD-00258,2025-06-20,2025-06-28,10,8,316.24,352.73,Correios
ORD-00259,2025-08-26,2025-09-06,9,11,54.89,1434.57,Correios
ORD-00260,2025-07-23,2025-07-26,3,3,342.93,509.41,Rodoviário
ORD-00261,2025-08-17,2025-08-19,3,2,53.22,1386.91,Aéreo
ORD-00262,2025-09-28,2025-10-04,8,6,341.66,359.94,Aéreo
ORD-00263,2025-07-05,2025-07-13,6,8,315.7,15.21,Correios
ORD-00264,2025-10-21,2025-10-28,7,7,206.81,1070.51,Aéreo
ORD-00265,2025-09-20,2025-09-23,3,3,60.5,333.6,Aéreo
ORD-00266,2025-11-14,2025-11-16,4,2,274.3,486.26,Rodoviário
ORD-00267,2025-09-10,2025-09-13,5,3,326.89,1312.42,Correios
ORD-00268,2025-10-10,2025-10-14,5,4,181.76,1226.55,Aéreo
ORD-00269,2025-08-04,2025-08-14,10,10,214.88,641.59,Correios
ORD-00270,2025-07-17,2025-07-20,5,3,42.45,880.62,Correios
ORD-00271,2025-11-13,2025-11-19,7,6,320.59,462.29,Rodoviário
ORD-00272,2025-10-27,2025-10-29,4,2,41.04,1438.74,Aéreo
ORD-00273,2025-06-19,2025-06-28,10,9,289.68,999.05,Rodoviário
ORD-00274,2025-09-21,2025-10-04,12,13,264.09,230.55,Aéreo
ORD-00275,2025-11-05,2025-11-13,6,8,190.74,591.9,Aéreo
ORD-00276,2025-06-01,2025-06-09,7,8,342.91,119.54,Rodoviário
ORD-00277,2025-11-10,2025-11-16,8,6,322.23,1350.49,Rodoviário
ORD-00278,2025-06-08,2025-06-19,10,11,233.88,930.0,Rodoviário
ORD-00279,2025-10-10,2025-10-11,2,1,251.78,430.34,Aéreo
ORD-00280,2025-09-14,2025-09-22,9,8,30.86,178.32,Correios
ORD-00281,2025-07-11,2025-07-17,7,6,346.36,690.92,Rodoviário
ORD-00282,2025-05-25,2025-06-01,9,7,315.65,803.53,Aéreo
ORD-00283,2025-11-07,2025-11-18,9,11,297.24,311.19,Aéreo
ORD-00284,2025-08-23,2025-08-27,5,4,146.49,1240.78,Aéreo
ORD-00285,2025-11-06,2025-11-10,6,4,140.33,1139.43,Rodoviário
ORD-00286,2025-05-25,2025-05-29,3,4,130.48,120.94,Correios
ORD-00287,2025-09-15,2025-09-28,12,13,310.06,316.38,Aéreo
ORD-00288,2025-06-18,2025-06-19,3,1,236.86,676.52,Rodoviário
ORD-00289,2025-08-09,2025-08-19,12,10,83.76,1142.5,Aéreo
ORD-00290,2025-07-17,2025-07-23,5,6,60.39,176.83,Correios
ORD-00291,2025-09-02,2025-09-10,6,8,283.21,324.12,Rodoviário
ORD-00292,2025-11-17,2025-12-01,12,14,21.18,1335.89,Aéreo
ORD-00293,2025-07-16,2025-07-19,3,3,80.81,1467.9,Rodoviário
ORD-00294,2025-10-15,2025-10-23,8,8,90.62,341.68,Aéreo
ORD-00295,2025-10-16,2025-10-27,9,11,325.21,1149.39,Rodoviário
ORD-00296,2025-08-13,2025-08-20,7,7,96.39,952.28,Correios
ORD-00297,2025-08-15,2025-08-21,5,6,32.08,707.38,Rodoviário
ORD-00298,2025-05-28,2025-06-07,8,10,212.71,1168.5,Rodoviário
ORD-00299,2025-07-25,2025-07-29,4,4,277.95,245.63,Rodoviário
ORD-00300,2025-07-15,2025-07-24,7,9,317.38,894.98,Correios
ORD-00301,2025-08-24,2025-09-05,11,12,99.13,1465.96,Correios
ORD-00302,2025-11-11,2025-11-22,9,11,60.88,923.49,Correios
ORD-00303,2025-07-10,2025-07-14,3,4,297.3,1078.71,Rodoviário
ORD-00304,2025-08-24,2025-09-02,7,9,116.25,1158.16,Correios
ORD-00305,2025-10-04,2025-10-13,7,9,28.45,586.08,Rodoviário
ORD-00306,2025-09-28,2025-10-04,7,6,220.27,476.54,Aéreo
ORD-00307,2025-07-11,2025-07-13,2,2,205.21,677.39,Aéreo
ORD-00308,2025-07-31,2025-08-07,9,7,49.91,1446.16,Aéreo
ORD-00309,2025-10-01,2025-10-01,2,0,182.14,1365.35,Aéreo
ORD-00310,2025-06-09,2025-06-12,5,3,305.37,501.14,Correios
ORD-00311,2025-11-03,2025-11-08,4,5,316.96,1203.21,Aéreo
ORD-00312,2025-07-11,2025-07-23,11,12,257.03,274.05,Correios
ORD-00313,2025-06-15,2025-06-23,10,8,294.95,1008.38,Aéreo
ORD-00314,2025-06-26,2025-07-03,5,7,59.25,590.71,Aéreo
ORD-00315,2025-06-03,2025-06-17,12,14,335.71,863.66,Aéreo
ORD-00316,2025-08-31,2025-09-07,6,7,242.48,601.47,Aéreo
ORD-00317,2025-10-30,2025-11-01,3,2,266.84,1325.77,Correios
ORD-00318,2025-09-21,2025-09-29,10,8,302.66,1118.53,Aéreo
ORD-00319,2025-06-11,2025-06-20,10,9,115.78,660.12,Correios
ORD-00320,2025-09-02,2025-09-10,10,8,315.99,440.84,Aéreo
ORD-00321,2025-09-30,2025-10-11,12,11,85.11,275.56,Correios
ORD-00322,2025-06-13,2025-06-23,11,10,44.36,1477.53,Aéreo
ORD-00323,2025-10-10,2025-10-20,12,10,248.65,576.81,Rodoviário
ORD-00324,2025-08-27,2025-09-05,9,9,211.89,867.93,Correios
ORD-00325,2025-10-10,2025-10-17,6,7,38.78,796.0,Rodoviário
ORD-00326,2025-10-25,2025-11-01,5,7,57.17,356.44,Correios
ORD-00327,2025-08-07,2025-08-17,12,10,113.68,217.55,Rodoviário
ORD-00328,2025-11-15,2025-11-21,7,6,50.58,22.98,Rodoviário
ORD-00329,2025-08-16,2025-08-21,5,5,209.0,895.07,Rodoviário
ORD-00330,2025-07-13,2025-07-14,3,1,294.79,717.2,Rodoviário
ORD-00331,2025-11-16,2025-11-23,9,7,283.44,1412.21,Aéreo
ORD-00332,2025-08-18,2025-08-25,7,7,119.84,816.8,Correios
ORD-00333,2025-07-10,2025-07-17,8,7,195.85,263.73,Aéreo
ORD-00334,2025-05-23,2025-06-03,9,11,179.66,1192.4,Correios
ORD-00335,2025-07-20,2025-07-28,8,8,265.92,1385.11,Rodoviário
ORD-00336,2025-06-27,2025-07-06,9,9,222.59,559.9,Rodoviário
ORD-00337,2025-08-11,2025-08-21,8,10,321.07,565.09,Rodoviário
ORD-00338,2025-08-25,2025-08-27,4,2,333.78,502.11,Correios
ORD-00339,2025-10-19,2025-10-28,10,9,187.52,841.27,Correios
ORD-00340,2025-09-06,2025-09-14,9,8,22.13,343.96,Rodoviário
ORD-00341,2025-07-31,2025-08-09,9,9,105.21,808.94,Aéreo
ORD-00342,2025-10-21,2025-11-02,12,12,295.09,569.05,Correios
ORD-00343,2025-05-25,2025-06-04,9,10,144.72,969.29,Rodoviário
ORD-00344,2025-07-08,2025-07-09,2,1,49.35,15.32,Aéreo
ORD-00345,2025-08-16,2025-08-21,7,5,153.28,946.1,Aéreo
ORD-00346,2025-07-17,2025-07-29,11,12,292.96,86.51,Rodoviário
ORD-00347,2025-10-25,2025-10-30,5,5,148.99,1140.55,Rodoviário
ORD-00348,2025-08-06,2025-08-12,7,6,246.48,1352.2,Rodoviário
ORD-00349,2025-10-17,2025-10-20,3,3,277.71,733.46,Aéreo
ORD-00350,2025-06-10,2025-06-19,11,9,59.41,577.56,Rodoviário
ORD-00351,2025-10-09,2025-10-19,12,10,163.47,1373.3,Correios
ORD-00352,2025-10-02,2025-10-09,7,7,135.19,234.5,Aéreo
ORD-00353,2025-08-10,2025-08-20,8,10,171.71,521.46,Correios
ORD-00354,2025-09-14,2025-09-16,3,2,181.04,569.66,Rodoviário
ORD-00355,2025-10-01,2025-10-05,2,4,240.79,1307.88,Correios
ORD-00356,2025-06-06,2025-06-17,9,11,173.68,781.2,Correios
ORD-00357,2025-11-17,2025-11-29,11,12,213.75,591.19,Aéreo
ORD-00358,2025-08-26,2025-09-03,9,8,346.12,639.97,Rodoviário
ORD-00359,2025-11-09,2025-11-10,2,1,98.28,124.06,Rodoviário
ORD-00360,2025-10-26,2025-10-31,5,5,194.36,945.94,Rodoviário
ORD-00361,2025-11-04,2025-11-14,9,10,312.08,696.55,Correios
ORD-00362,2025-08-13,2025-08-20,6,7,72.84,591.34,Aéreo
ORD-00363,2025-09-06,2025-09-10,2,4,315.23,419.17,Correios
ORD-00364,2025-07-09,2025-07-09,2,0,254.44,680.47,Correios
ORD-00365,2025-08-18,2025-08-27,11,9,104.09,684.85,Rodoviário
ORD-00366,2025-11-13,2025-11-16,2,3,142.39,330.2,Correios
ORD-00367,2025-06-25,2025-06-28,5,3,156.78,1227.74,Aéreo
ORD-00368,2025-10-30,2025-11-01,4,2,349.79,1166.82,Correios
ORD-00369,2025-11-12,2025-11-17,4,5,59.15,560.16,Rodoviário
ORD-00370,2025-07-02,2025-07-07,4,5,98.92,1235.29,Rodoviário
ORD-00371,2025-09-20,2025-09-25,7,5,242.55,1219.5,Aéreo
ORD-00372,2025-09-09,2025-09-18,7,9,130.74,1155.05,Correios
ORD-00373,2025-06-30,2025-07-12,11,12,109.8,1465.75,Rodoviário
ORD-00374,2025-07-12,2025-07-18,4,6,20.8,1405.01,Aéreo
ORD-00375,2025-10-23,2025-11-02,9,10,277.59,1132.38,Aéreo
ORD-00376,2025-08-14,2025-08-23,8,9,68.18,91.61,Correios
ORD-00377,2025-09-11,2025-09-18,5,7,123.89,1250.41,Correios
ORD-00378,2025-06-24,2025-07-03,11,9,157.21,610.67,Correios
ORD-00379,2025-06-25,2025-07-02,7,7,321.97,622.85,Correios
ORD-00380,2025-06-24,2025-07-01,8,7,133.15,1343.65,Correios
ORD-00381,2025-10-31,2025-11-09,9,9,70.51,297.88,Aéreo
ORD-00382,2025-09-07,2025-09-18,11,11,285.16,519.01,Rodoviário
ORD-00383,2025-06-10,2025-06-15,7,5,272.17,555.2,Correios
ORD-00384,2025-07-14,2025-07-17,3,3,113.0,154.93,Rodoviário
ORD-00385,2025-06-30,2025-07-04,2,4,23.74,1474.13,Correios
ORD-00386,2025-06-14,2025-06-25,11,11,207.95,467.65,Correios
ORD-00387,2025-05-31,2025-06-10,8,10,99.41,497.93,Rodoviário
ORD-00388,2025-06-05,2025-06-14,11,9,212.45,565.6,Rodoviário
ORD-00389,2025-07-24,2025-08-05,12,12,55.41,989.4,Rodoviário
ORD-00390,2025-07-14,2025-07-22,8,8,317.31,679.78,Correios
ORD-00391,2025-06-15,2025-06-18,5,3,69.57,24.54,Correios
ORD-00392,2025-09-03,2025-09-14,10,11,211.68,929.16,Correios
ORD-00393,2025-08-26,2025-08-30,4,4,318.3,661.83,Correios
ORD-00394,2025-07-14,2025-07-23,11,9,89.54,1025.36,Aéreo
ORD-00395,2025-10-11,2025-10-12,3,1,87.25,872.87,Rodoviário
ORD-00396,2025-08-13,2025-08-26,11,13,224.13,1106.72,Rodoviário
ORD-00397,2025-11-09,2025-11-13,6,4,93.64,89.65,Aéreo
ORD-00398,2025-06-22,2025-06-27,5,5,117.1,349.24,Correios
ORD-00399,2025-11-15,2025-11-22,6,7,68.44,768.84,Aéreo
ORD-00400,2025-09-03,2025-09-10,6,7,232.91,76.92,Correios
ORD-00401,2025-09-17,2025-09-25,10,8,213.24,560.58,Correios
ORD-00402,2025-08-08,2025-08-17,9,9,77.13,946.61,Rodoviário
ORD-00403,2025-10-11,2025-10-19,7,8,88.78,641.46,Rodoviário
ORD-00404,2025-07-10,2025-07-10,2,0,123.11,409.34,Aéreo
ORD-00405,2025-09-09,2025-09-15,7,6,119.11,897.93,Rodoviário
ORD-00406,2025-06-20,2025-06-23,2,3,332.41,191.61,Aéreo
ORD-00407,2025-05-24,2025-05-26,4,2,259.81,44.63,Correios
ORD-00408,2025-08-27,2025-09-05,9,9,286.45,1362.75,Aéreo
ORD-00409,2025-09-05,2025-09-09,4,4,348.39,1098.69,Rodoviário
ORD-00410,2025-08-26,2025-09-02,5,7,297.83,629.1,Rodoviário
ORD-00411,2025-06-24,2025-07-04,8,10,145.52,850.63,Rodoviário
ORD-00412,2025-07-26,2025-08-03,10,8,75.67,465.26,Correios
ORD-00413,2025-10-08,2025-10-18,11,10,153.09,662.33,Correios
ORD-00414,2025-06-26,2025-07-03,9,7,53.72,765.0,Rodoviário
ORD-00415,2025-10-04,2025-10-09,5,5,281.03,1365.86,Rodoviário
ORD-00416,2025-10-09,2025-10-17,9,8,271.48,776.16,Correios
ORD-00417,2025-07-08,2025-07-16,9,8,52.48,80.51,Aéreo
ORD-00418,2025-06-20,2025-07-03,11,13,234.81,1451.86,Aéreo
ORD-00419,2025-08-11,2025-08-16,6,5,108.89,526.79,Aéreo
ORD-00420,2025-06-25,2025-07-04,9,9,313.77,561.72,Rodoviário
ORD-00421,2025-08-30,2025-09-08,11,9,295.79,288.59,Aéreo
ORD-00422,2025-10-24,2025-11-03,12,10,156.82,68.29,Aéreo
ORD-00423,2025-10-05,2025-10-09,3,4,92.67,1491.77,Rodoviário
ORD-00424,2025-08-17,2025-08-29,10,12,83.79,124.58,Aéreo
ORD-00425,2025-10-07,2025-10-15,8,8,344.06,329.97,Rodoviário
ORD-00426,2025-10-16,2025-10-23,7,7,247.8,430.39,Correios
ORD-00427,2025-10-18,2025-10-29,10,11,341.74,1080.9,Rodoviário
ORD-00428,2025-07-07,2025-07-12,6,5,262.15,48.44,Rodoviário
ORD-00429,2025-07-22,2025-07-27,4,5,301.06,780.4,Aéreo
ORD-00430,2025-06-19,2025-06-23,2,4,93.18,898.81,Rodoviário
ORD-00431,2025-05-23,2025-05-25,4,2,343.11,565.34,Aéreo
ORD-00432,2025-10-29,2025-11-01,2,3,65.88,1196.02,Rodoviário
ORD-00433,2025-11-09,2025-11-15,8,6,282.06,129.9,Rodoviário
ORD-00434,2025-10-25,2025-11-01,9,7,69.51,1487.32,Correios
ORD-00435,2025-10-20,2025-10-31,11,11,194.9,1058.25,Correios
ORD-00436,2025-07-16,2025-07-25,10,9,314.65,1010.46,Rodoviário
ORD-00437,2025-09-02,2025-09-06,3,4,309.53,25.18,Aéreo
ORD-00438,2025-08-02,2025-08-07,7,5,208.68,1213.99,Rodoviário
ORD-00439,2025-09-22,2025-09-30,6,8,45.26,594.71,Correios
ORD-00440,2025-11-13,2025-11-18,7,5,165.12,694.87,Correios
ORD-00441,2025-09-21,2025-09-30,9,9,89.98,937.43,Rodoviário
ORD-00442,2025-09-02,2025-09-06,4,4,237.59,1396.79,Aéreo
ORD-00443,2025-09-12,2025-09-19,8,7,227.28,1267.96,Correios
ORD-00444,2025-10-23,2025-10-27,3,4,283.55,1152.41,Correios
ORD-00445,2025-08-07,2025-08-12,4,5,281.28,702.95,Rodoviário
ORD-00446,2025-09-09,2025-09-10,3,1,263.61,300.43,Correios
ORD-00447,2025-10-24,2025-11-01,8,8,47.46,609.5,Correios
ORD-00448,2025-11-02,2025-11-05,4,3,109.57,1143.46,Correios
ORD-00449,2025-11-17,2025-11-22,6,5,245.17,834.53,Rodoviário
ORD-00450,2025-08-03,2025-08-13,11,10,312.96,368.86,Correios
ORD-00451,2025-06-20,2025-06-28,7,8,60.37,852.88,Aéreo
ORD-00452,2025-06-21,2025-07-01,11,10,235.09,239.21,Rodoviário
ORD-00453,2025-06-07,2025-06-10,2,3,182.21,686.8,Correios
ORD-00454,2025-07-10,2025-07-22,10,12,83.3,1084.06,Rodoviário
ORD-00455,2025-08-10,2025-08-14,2,4,269.56,1151.15,Rodoviário
ORD-00456,2025-10-29,2025-11-02,2,4,335.35,573.04,Correios
ORD-00457,2025-09-23,2025-10-03,8,10,97.14,921.49,Correios
ORD-00458,2025-09-01,2025-09-08,8,7,178.76,1203.72,Correios
ORD-00459,2025-10-02,2025-10-05,4,3,84.53,111.06,Aéreo
ORD-00460,2025-06-11,2025-06-18,5,7,178.87,1402.17,Correios
ORD-00461,2025-07-06,2025-07-11,3,5,97.52,795.71,Correios
ORD-00462,2025-11-12,2025-11-19,8,7,67.6,773.29,Aéreo
ORD-00463,2025-07-18,2025-07-24,7,6,62.93,699.06,Correios
ORD-00464,2025-09-17,2025-09-26,11,9,86.76,1218.65,Correios
ORD-00465,2025-10-28,2025-11-02,6,5,89.21,1318.76,Correios
ORD-00466,2025-07-24,2025-07-26,2,2,298.48,1431.51,Rodoviário
ORD-00467,2025-09-30,2025-10-05,5,5,214.15,917.21,Correios
ORD-00468,2025-08-15,2025-08-24,11,9,186.3,1448.51,Aéreo
ORD-00469,2025-06-10,2025-06-16,8,6,233.47,199.52,Rodoviário
ORD-00470,2025-06-10,2025-06-20,12,10,216.53,1208.39,Correios
ORD-00471,2025-11-13,2025-11-25,10,12,71.52,893.39,Aéreo
ORD-00472,2025-07-12,2025-07-20,8,8,212.46,1346.24,Correios
ORD-00473,2025-09-04,2025-09-17,12,13,63.19,1383.45,Rodoviário
ORD-00474,2025-07-18,2025-07-23,6,5,190.95,461.87,Rodoviário
ORD-00475,2025-06-15,2025-06-20,6,5,89.78,131.77,Rodoviário
ORD-00476,2025-09-16,2025-09-24,10,8,333.38,1050.17,Aéreo
ORD-00477,2025-06-10,2025-06-19,9,9,308.71,325.59,Aéreo
ORD-00478,2025-07-07,2025-07-21,12,14,259.89,49.49,Aéreo
ORD-00479,2025-08-02,2025-08-10,9,8,312.82,247.43,Correios
ORD-00480,2025-09-20,2025-09-24,3,4,245.6,840.93,Correios
ORD-00481,2025-10-09,2025-10-09,2,0,46.89,1378.07,Correios
ORD-00482,2025-07-10,2025-07-12,2,2,323.2,1164.1,Aéreo
ORD-00483,2025-08-02,2025-08-09,9,7,213.45,367.34,Correios
ORD-00484,2025-11-18,2025-11-27,9,9,35.63,1021.09,Rodoviário
ORD-00485,2025-05-29,2025-05-31,3,2,263.47,226.92,Correios
ORD-00486,2025-06-16,2025-06-22,6,6,192.41,659.27,Correios
ORD-00487,2025-10-21,2025-10-29,9,8,189.91,1125.25,Rodoviário
ORD-00488,2025-11-13,2025-11-16,2,3,211.17,546.17,Rodoviário
ORD-00489,2025-10-24,2025-10-28,3,4,313.68,1455.21,Correios
ORD-00490,2025-06-16,2025-06-16,2,0,87.55,508.47,Rodoviário
ORD-00491,2025-05-24,2025-05-28,3,4,310.97,381.77,Rodoviário
ORD-00492,2025-07-07,2025-07-15,10,8,63.5,493.61,Correios
ORD-00493,2025-08-25,2025-08-29,2,4,342.28,387.23,Aéreo
ORD-00494,2025-07-09,2025-07-19,11,10,298.73,274.78,Correios
ORD-00495,2025-05-23,2025-05-31,7,8,216.99,990.25,Rodoviário
ORD-00496,2025-08-01,2025-08-07,5,6,115.17,892.24,Rodoviário
ORD-00497,2025-05-22,2025-06-01,8,10,78.03,754.52,Correios
ORD-00498,2025-08-31,2025-09-01,2,1,118.96,372.27,Correios
ORD-00499,2025-07-14,2025-07-24,12,10,314.97,463.73,Correios
ORD-00500,2025-10-27,2025-11-09,11,13,217.14,925.71,Correios
ORD-00501,2025-06-26,2025-07-06,9,10,322.73,688.51,Rodoviário
ORD-00502,2025-06-12,2025-06-20,6,8,39.18,826.67,Aéreo
ORD-00503,2025-09-12,2025-09-26,12,14,222.91,701.33,Correios
ORD-00504,2025-09-17,2025-09-27,11,10,65.29,831.47,Rodoviário
ORD-00505,2025-07-18,2025-07-27,10,9,64.25,345.7,Correios
ORD-00506,2025-07-11,2025-07-13,4,2,260.82,1465.77,Aéreo
ORD-00507,2025-10-22,2025-11-01,10,10,285.24,1376.58,Rodoviário
ORD-00508,2025-10-29,2025-10-30,2,1,115.66,770.41,Correios
ORD-00509,2025-10-03,2025-10-16,11,13,295.24,997.58,Aéreo
ORD-00510,2025-08-02,2025-08-06,3,4,161.2,1016.06,Aéreo
ORD-00511,2025-07-24,2025-08-07,12,14,131.29,708.43,Rodoviário
ORD-00512,2025-09-28,2025-10-06,9,8,193.68,1213.89,Rodoviário
ORD-00513,2025-06-09,2025-06-18,10,9,227.46,616.02,Aéreo
ORD-00514,2025-11-01,2025-11-08,7,7,126.13,638.13,Aéreo
ORD-00515,2025-08-30,2025-09-08,7,9,90.04,370.98,Rodoviário
ORD-00516,2025-10-09,2025-10-17,7,8,254.27,673.75,Correios
ORD-00517,2025-08-19,2025-08-26,7,7,252.7,417.95,Aéreo
ORD-00518,2025-10-11,2025-10-15,5,4,52.0,244.95,Aéreo
ORD-00519,2025-08-03,2025-08-11,7,8,87.95,1086.64,Correios
ORD-00520,2025-07-25,2025-07-25,2,0,132.33,62.21,Rodoviário
ORD-00521,2025-07-24,2025-07-29,7,5,157.93,435.29,Aéreo
ORD-00522,2025-06-28,2025-07-05,5,7,159.25,603.88,Correios
ORD-00523,2025-11-02,2025-11-11,9,9,56.49,393.66,Rodoviário
ORD-00524,2025-10-03,2025-10-06,2,3,174.09,864.31,Rodoviário
ORD-00525,2025-10-13,2025-10-15,2,2,345.25,95.59,Aéreo
ORD-00526,2025-05-29,2025-06-07,10,9,160.66,664.3,Correios
ORD-00527,2025-10-14,2025-10-23,11,9,246.58,1466.28,Rodoviário
ORD-00528,2025-10-14,2025-10-24,12,10,102.16,551.57,Aéreo
ORD-00529,2025-10-23,2025-10-25,2,2,332.02,1339.39,Correios
ORD-00530,2025-11-03,2025-11-06,2,3,53.79,1083.04,Rodoviário
ORD-00531,2025-09-24,2025-10-05,10,11,206.11,1343.84,Aéreo
ORD-00532,2025-10-12,2025-10-15,5,3,40.66,1347.3,Rodoviário
ORD-00533,2025-07-29,2025-08-03,3,5,324.43,910.82,Aéreo
ORD-00534,2025-06-19,2025-06-25,7,6,301.12,1475.2,Correios
ORD-00535,2025-05-27,2025-06-07,10,11,171.24,364.98,Aéreo
ORD-00536,2025-06-19,2025-06-26,7,7,142.56,945.55,Rodoviário
ORD-00537,2025-10-13,2025-10-22,8,9,277.49,94.67,Aéreo
ORD-00538,2025-10-13,2025-10-23,10,10,65.43,289.44,Rodoviário
ORD-00539,2025-10-09,2025-10-12,3,3,310.94,125.79,Correios
ORD-00540,2025-07-06,2025-07-16,12,10,20.76,484.88,Correios
ORD-00541,2025-08-04,2025-08-10,7,6,171.99,182.34,Aéreo
ORD-00542,2025-11-13,2025-11-19,8,6,103.2,838.51,Correios
ORD-00543,2025-06-15,2025-06-25,8,10,294.8,1303.78,Correios
ORD-00544,2025-09-27,2025-09-28,3,1,326.61,1284.77,Rodoviário
ORD-00545,2025-09-19,2025-09-25,4,6,193.41,364.37,Rodoviário
ORD-00546,2025-07-28,2025-08-03,5,6,156.76,1269.06,Correios
ORD-00547,2025-08-15,2025-08-26,10,11,31.61,247.96,Aéreo
ORD-00548,2025-06-21,2025-06-23,3,2,160.25,1436.15,Rodoviário
ORD-00549,2025-08-07,2025-08-16,10,9,82.84,707.06,Correios
ORD-00550,2025-06-05,2025-06-09,5,4,57.92,424.12,Aéreo
ORD-00551,2025-08-05,2025-08-15,8,10,339.39,863.41,Correios
ORD-00552,2025-10-23,2025-10-26,5,3,66.88,635.57,Correios
ORD-00553,2025-08-07,2025-08-20,11,13,331.58,1029.68,Correios
ORD-00554,2025-09-06,2025-09-13,5,7,25.39,21.64,Correios
ORD-00555,2025-09-17,2025-09-25,6,8,300.01,1352.84,Rodoviário
ORD-00556,2025-05-30,2025-06-07,6,8,46.62,9.28,Rodoviário
ORD-00557,2025-08-27,2025-09-01,7,5,40.17,257.43,Rodoviário
ORD-00558,2025-10-14,2025-10-23,10,9,212.53,318.93,Aéreo
ORD-00559,2025-11-13,2025-11-15,4,2,279.75,755.57,Aéreo
ORD-00560,2025-11-10,2025-11-22,12,12,62.95,761.31,Aéreo
ORD-00561,2025-06-29,2025-07-07,6,8,238.67,1095.07,Rodoviário
ORD-00562,2025-08-05,2025-08-07,4,2,301.42,585.37,Rodoviário
ORD-00563,2025-07-24,2025-07-26,3,2,81.73,1009.41,Rodoviário
ORD-00564,2025-10-11,2025-10-17,7,6,232.2,219.1,Aéreo
ORD-00565,2025-10-11,2025-10-18,9,7,121.19,153.14,Rodoviário
ORD-00566,2025-08-16,2025-08-25,11,9,33.72,44.98,Rodoviário
ORD-00567,2025-10-30,2025-11-09,8,10,140.45,1077.35,Correios
ORD-00568,2025-08-31,2025-09-10,10,10,243.05,1283.56,Aéreo
ORD-00569,2025-08-31,2025-09-03,5,3,188.96,879.92,Rodoviário
ORD-00570,2025-09-27,2025-10-06,8,9,131.06,580.31,Rodoviário
ORD-00571,2025-08-17,2025-08-24,7,7,164.26,162.91,Rodoviário
ORD-00572,2025-11-14,2025-11-22,8,8,333.38,1455.78,Rodoviário
ORD-00573,2025-06-02,2025-06-04,2,2,40.55,562.24,Correios
ORD-00574,2025-08-05,2025-08-11,6,6,163.84,1309.63,Rodoviário
ORD-00575,2025-09-14,2025-09-23,9,9,219.54,149.69,Rodoviário
ORD-00576,2025-05-28,2025-06-06,9,9,305.8,869.0,Aéreo
ORD-00577,2025-09-28,2025-10-05,6,7,46.24,1313.41,Correios
ORD-00578,2025-09-27,2025-10-04,8,7,266.05,1430.06,Correios
ORD-00579,2025-11-20,2025-11-29,10,9,242.37,396.46,Correios
ORD-00580,2025-09-24,2025-10-05,9,11,54.3,965.66,Aéreo
ORD-00581,2025-06-25,2025-06-30,6,5,261.9,1211.11,Rodoviário
ORD-00582,2025-05-31,2025-06-11,11,11,233.48,829.03,Aéreo
ORD-00583,2025-10-30,2025-11-03,4,4,309.88,1342.44,Correios
ORD-00584,2025-09-16,2025-09-25,11,9,280.24,404.78,Rodoviário
ORD-00585,2025-09-30,2025-10-04,2,4,120.89,146.91,Rodoviário
ORD-00586,2025-05-23,2025-05-27,3,4,70.36,81.62,Aéreo
ORD-00587,2025-11-06,2025-11-09,4,3,126.32,1049.76,Rodoviário
ORD-00588,2025-07-10,2025-07-14,6,4,72.14,1313.85,Aéreo
ORD-00589,2025-06-01,2025-06-07,5,6,348.24,514.67,Correios
ORD-00590,2025-07-05,2025-07-08,5,3,274.4,419.91,Correios
ORD-00591,2025-07-23,2025-07-26,5,3,336.29,907.36,Correios
ORD-00592,2025-11-11,2025-11-22,11,11,161.17,415.48,Rodoviário
ORD-00593,2025-10-17,2025-10-27,11,10,83.69,982.46,Aéreo
ORD-00594,2025-06-15,2025-06-22,7,7,195.61,295.99,Aéreo
ORD-00595,2025-07-16,2025-07-22,4,6,239.61,110.71,Aéreo
ORD-00596,2025-09-03,2025-09-05,2,2,309.76,1105.52,Correios
ORD-00597,2025-10-15,2025-10-22,6,7,346.01,110.63,Correios
ORD-00598,2025-10-09,2025-10-10,3,1,334.22,1414.96,Rodoviário
ORD-00599,2025-09-20,2025-09-28,9,8,90.09,463.57,Rodoviário
ORD-00600,2025-08-21,2025-08-28,5,7,246.35,1392.2,Rodoviário
ORD-00601,2025-08-08,2025-08-12,6,4,98.31,967.91,Correios
ORD-00602,2025-11-03,2025-11-06,4,3,120.52,79.64,Rodoviário
ORD-00603,2025-09-16,2025-09-29,12,13,237.5,882.83,Correios
ORD-00604,2025-08-07,2025-08-15,6,8,112.76,342.94,Correios
ORD-00605,2025-06-12,2025-06-20,8,8,114.18,962.3,Rodoviário
ORD-00606,2025-08-20,2025-08-27,7,7,326.43,372.89,Aéreo
ORD-00607,2025-09-04,2025-09-10,5,6,306.41,49.14,Rodoviário
ORD-00608,2025-10-08,2025-10-13,3,5,172.89,268.67,Rodoviário
ORD-00609,2025-05-22,2025-06-03,12,12,160.47,1242.55,Correios
ORD-00610,2025-06-26,2025-07-07,9,11,182.38,807.06,Aéreo
ORD-00611,2025-07-29,2025-08-07,10,9,153.4,330.54,Aéreo
ORD-00612,2025-06-11,2025-06-24,11,13,54.24,1333.26,Aéreo
ORD-00613,2025-08-30,2025-09-10,10,11,66.51,992.19,Rodoviário
ORD-00614,2025-10-31,2025-11-03,3,3,20.54,1271.28,Aéreo
ORD-00615,2025-10-02,2025-10-03,2,1,143.38,1324.4,Rodoviário
ORD-00616,2025-07-20,2025-08-01,12,12,191.91,731.27,Aéreo
ORD-00617,2025-09-30,2025-10-12,11,12,147.43,57.26,Aéreo
ORD-00618,2025-07-02,2025-07-08,4,6,277.37,1018.17,Rodoviário
ORD-00619,2025-08-06,2025-08-10,6,4,218.83,99.97,Correios
ORD-00620,2025-08-27,2025-08-28,3,1,122.61,1371.11,Correios
ORD-00621,2025-07-20,2025-07-28,8,8,235.01,818.53,Rodoviário
ORD-00622,2025-06-03,2025-06-14,11,11,282.42,1459.53,Correios
ORD-00623,2025-08-17,2025-08-25,8,8,222.64,272.19,Aéreo
ORD-00624,2025-09-09,2025-09-19,10,10,163.84,1051.22,Rodoviário
ORD-00625,2025-08-16,2025-08-25,8,9,39.06,1428.4,Correios
ORD-00626,2025-10-25,2025-11-02,10,8,155.44,850.47,Correios
ORD-00627,2025-06-07,2025-06-15,6,8,221.96,512.07,Rodoviário
ORD-00628,2025-11-05,2025-11-14,7,9,183.11,267.97,Aéreo
ORD-00629,2025-07-04,2025-07-14,12,10,90.01,1258.39,Correios
ORD-00630,2025-07-30,2025-08-05,5,6,335.44,1382.8,Correios
ORD-00631,2025-05-23,2025-05-30,6,7,40.84,1100.28,Rodoviário
ORD-00632,2025-09-02,2025-09-10,9,8,249.33,468.74,Correios
ORD-00633,2025-06-18,2025-06-25,7,7,47.56,55.29,Rodoviário
ORD-00634,2025-09-23,2025-10-03,9,10,311.32,785.77,Rodoviário
ORD-00635,2025-10-09,2025-10-11,4,2,74.92,32.92,Aéreo
ORD-00636,2025-09-07,2025-09-17,11,10,244.37,94.97,Rodoviário
ORD-00637,2025-06-10,2025-06-17,8,7,243.68,1197.68,Aéreo
ORD-00638,2025-06-14,2025-06-19,3,5,63.45,935.98,Aéreo
ORD-00639,2025-08-02,2025-08-12,11,10,348.49,1373.3,Correios
ORD-00640,2025-08-22,2025-09-01,12,10,49.64,361.35,Rodoviário
ORD-00641,2025-08-17,2025-08-19,2,2,195.46,1003.68,Rodoviário
ORD-00642,2025-08-11,2025-08-23,11,12,138.08,390.1,Aéreo
ORD-00643,2025-10-26,2025-11-07,11,12,107.42,1363.3,Rodoviário
ORD-00644,2025-07-06,2025-07-10,3,4,47.33,1163.38,Rodoviário
ORD-00645,2025-05-27,2025-05-31,5,4,113.85,525.48,Correios
ORD-00646,2025-09-28,2025-10-01,4,3,267.06,833.54,Rodoviário
ORD-00647,2025-11-02,2025-11-03,2,1,121.39,888.17,Rodoviário
ORD-00648,2025-06-20,2025-06-22,4,2,164.81,895.43,Aéreo
ORD-00649,2025-09-28,2025-10-03,4,5,97.03,1445.42,Correios
ORD-00650,2025-11-10,2025-11-16,8,6,323.12,506.65,Correios
ORD-00651,2025-06-19,2025-07-02,11,13,268.8,109.39,Rodoviário
ORD-00652,2025-06-26,2025-06-30,6,4,234.19,947.75,Aéreo
ORD-00653,2025-06-19,2025-06-23,5,4,67.96,587.49,Correios
ORD-00654,2025-06-05,2025-06-13,6,8,211.76,751.54,Aéreo
ORD-00655,2025-11-06,2025-11-14,10,8,153.43,257.51,Correios
ORD-00656,2025-06-19,2025-07-03,12,14,174.23,1448.37,Rodoviário
ORD-00657,2025-06-03,2025-06-13,10,10,126.58,1099.7,Correios
ORD-00658,2025-10-26,2025-11-03,7,8,45.32,822.14,Aéreo
ORD-00659,2025-11-16,2025-11-22,7,6,148.62,1281.5,Rodoviário
ORD-00660,2025-10-04,2025-10-14,11,10,116.09,471.69,Correios
ORD-00661,2025-08-21,2025-08-31,10,10,52.89,242.09,Rodoviário
ORD-00662,2025-06-27,2025-06-29,3,2,281.02,996.53,Correios
ORD-00663,2025-07-02,2025-07-09,5,7,280.43,949.5,Correios
ORD-00664,2025-09-05,2025-09-07,4,2,214.14,982.25,Correios
ORD-00665,2025-07-06,2025-07-11,5,5,340.95,303.33,Rodoviário
ORD-00666,2025-07-04,2025-07-13,10,9,250.07,887.51,Aéreo
ORD-00667,2025-07-04,2025-07-17,12,13,164.95,1060.33,Aéreo
ORD-00668,2025-09-01,2025-09-06,3,5,207.67,1184.86,Rodoviário
ORD-00669,2025-10-23,2025-10-27,5,4,221.85,1343.93,Aéreo
ORD-00670,2025-08-14,2025-08-24,12,10,117.17,918.87,Correios
ORD-00671,2025-06-30,2025-07-02,4,2,98.45,996.41,Rodoviário
ORD-00672,2025-06-24,2025-07-03,11,9,140.64,241.08,Correios
ORD-00673,2025-09-12,2025-09-22,9,10,329.53,1130.15,Rodoviário
ORD-00674,2025-10-05,2025-10-06,2,1,165.72,1482.94,Rodoviário
ORD-00675,2025-07-02,2025-07-07,7,5,318.12,671.4,Correios
ORD-00676,2025-06-30,2025-07-01,2,1,155.73,1266.16,Correios
ORD-00677,2025-09-06,2025-09-14,7,8,313.41,1272.04,Aéreo
ORD-00678,2025-10-14,2025-10-19,3,5,102.79,776.5,Correios
ORD-00679,2025-09-02,2025-09-14,11,12,170.69,35.3,Aéreo
ORD-00680,2025-09-30,2025-10-04,6,4,325.41,1068.92,Correios
ORD-00681,2025-10-14,2025-10-20,5,6,36.55,1267.23,Rodoviário
ORD-00682,2025-10-31,2025-11-03,3,3,324.81,961.11,Rodoviário
ORD-00683,2025-08-06,2025-08-14,9,8,73.9,1326.75,Aéreo
ORD-00684,2025-10-10,2025-10-17,7,7,282.6,490.23,Aéreo
ORD-00685,2025-08-30,2025-09-06,6,7,334.88,594.15,Aéreo
ORD-00686,2025-08-24,2025-09-01,6,8,193.23,952.64,Rodoviário
ORD-00687,2025-07-13,2025-07-20,6,7,40.49,540.39,Aéreo
ORD-00688,2025-08-10,2025-08-17,7,7,329.38,1175.22,Correios
ORD-00689,2025-05-24,2025-05-27,2,3,306.15,217.08,Rodoviário
ORD-00690,2025-11-05,2025-11-06,3,1,55.58,1189.54,Correios
ORD-00691,2025-07-10,2025-07-23,11,13,148.69,1412.14,Aéreo
ORD-00692,2025-11-16,2025-11-20,2,4,22.36,824.29,Aéreo
ORD-00693,2025-06-01,2025-06-08,6,7,156.12,711.04,Rodoviário
ORD-00694,2025-10-17,2025-10-27,12,10,111.57,131.6,Rodoviário
ORD-00695,2025-08-31,2025-09-09,7,9,51.13,583.99,Correios
ORD-00696,2025-08-06,2025-08-15,10,9,242.07,290.19,Correios
ORD-00697,2025-10-16,2025-10-28,11,12,89.61,654.77,Aéreo
ORD-00698,2025-07-19,2025-07-27,6,8,249.67,1377.62,Rodoviário
ORD-00699,2025-08-06,2025-08-17,12,11,23.07,1266.45,Aéreo
ORD-00700,2025-11-11,2025-11-21,12,10,288.97,1255.74,Rodoviário
ORD-00701,2025-09-29,2025-10-01,3,2,116.21,421.9,Aéreo
ORD-00702,2025-11-15,2025-11-17,2,2,135.86,1249.24,Rodoviário
ORD-00703,2025-08-22,2025-09-04,12,13,263.72,1431.07,Aéreo
ORD-00704,2025-10-07,2025-10-10,5,3,125.96,619.11,Correios
ORD-00705,2025-07-12,2025-07-23,9,11,85.74,1089.44,Aéreo
ORD-00706,2025-07-25,2025-07-26,2,1,142.91,1230.38,Aéreo
ORD-00707,2025-07-14,2025-07-18,5,4,208.88,599.85,Aéreo
ORD-00708,2025-10-03,2025-10-11,8,8,55.68,892.28,Rodoviário
ORD-00709,2025-10-22,2025-10-25,3,3,133.33,936.75,Correios
ORD-00710,2025-09-28,2025-09-30,3,2,149.11,249.5,Rodoviário
ORD-00711,2025-06-01,2025-06-04,3,3,199.03,1179.3,Aéreo
ORD-00712,2025-07-03,2025-07-09,5,6,98.61,177.35,Correios
ORD-00713,2025-10-20,2025-10-30,10,10,252.91,234.13,Correios
ORD-00714,2025-11-19,2025-11-23,2,4,269.4,906.65,Rodoviário
ORD-00715,2025-07-20,2025-07-21,3,1,204.32,1071.65,Correios
ORD-00716,2025-09-09,2025-09-21,11,12,21.66,822.59,Aéreo
ORD-00717,2025-11-02,2025-11-04,2,2,257.91,973.81,Correios
ORD-00718,2025-06-24,2025-06-30,7,6,20.46,1187.06,Aéreo
ORD-00719,2025-11-13,2025-11-17,3,4,25.68,1278.83,Rodoviário
ORD-00720,2025-09-02,2025-09-06,2,4,77.54,563.38,Rodoviário
ORD-00721,2025-10-14,2025-10-18,2,4,109.66,158.91,Rodoviário
ORD-00722,2025-08-13,2025-08-22,7,9,78.06,429.61,Correios
ORD-00723,2025-09-18,2025-09-23,5,5,341.49,1106.24,Rodoviário
ORD-00724,2025-06-25,2025-07-03,8,8,273.11,321.56,Aéreo
ORD-00725,2025-06-27,2025-07-03,7,6,302.26,767.69,Aéreo
ORD-00726,2025-08-19,2025-08-29,10,10,29.68,1021.97,Rodoviário
ORD-00727,2025-09-02,2025-09-07,4,5,191.86,329.88,Aéreo
ORD-00728,2025-09-06,2025-09-12,5,6,346.86,1153.3,Rodoviário
ORD-00729,2025-08-15,2025-08-25,12,10,80.15,144.41,Rodoviário
ORD-00730,2025-09-24,2025-09-29,7,5,320.1,718.91,Rodoviário
ORD-00731,2025-09-06,2025-09-08,4,2,205.1,1229.77,Rodoviário
ORD-00732,2025-05-28,2025-05-31,5,3,105.16,225.22,Aéreo
ORD-00733,2025-07-01,2025-07-09,7,8,290.66,1060.12,Rodoviário
ORD-00734,2025-11-18,2025-11-21,5,3,245.86,1340.94,Correios
ORD-00735,2025-05-31,2025-06-08,7,8,186.45,552.45,Correios
ORD-00736,2025-10-14,2025-10-16,2,2,238.2,469.01,Rodoviário
ORD-00737,2025-05-26,2025-05-26,2,0,257.57,1272.18,Aéreo
ORD-00738,2025-08-04,2025-08-11,6,7,337.89,947.29,Aéreo
ORD-00739,2025-06-04,2025-06-18,12,14,138.57,1217.42,Correios
ORD-00740,2025-05-28,2025-06-10,11,13,284.3,176.64,Correios
ORD-00741,2025-05-30,2025-06-06,6,7,213.61,544.37,Correios
ORD-00742,2025-06-28,2025-07-11,11,13,170.68,1280.5,Rodoviário
ORD-00743,2025-11-12,2025-11-19,6,7,320.68,1115.61,Correios
ORD-00744,2025-11-08,2025-11-11,5,3,78.8,198.07,Rodoviário
ORD-00745,2025-09-10,2025-09-19,9,9,90.87,1170.91,Aéreo
ORD-00746,2025-05-27,2025-06-08,11,12,174.2,210.35,Rodoviário
ORD-00747,2025-07-04,2025-07-12,9,8,347.94,892.45,Correios
ORD-00748,2025-08-30,2025-09-06,5,7,335.97,978.94,Correios
ORD-00749,2025-10-27,2025-11-08,10,12,148.09,672.79,Correios
ORD-00750,2025-06-08,2025-06-15,8,7,146.91,918.89,Aéreo
ORD-00751,2025-10-05,2025-10-15,9,10,169.6,453.07,Rodoviário
ORD-00752,2025-08-20,2025-08-24,4,4,107.57,705.8,Aéreo
ORD-00753,2025-08-28,2025-09-07,12,10,111.37,546.59,Correios
ORD-00754,2025-06-10,2025-06-13,5,3,21.5,559.09,Correios
ORD-00755,2025-06-25,2025-07-06,12,11,221.15,901.47,Aéreo
ORD-00756,2025-08-05,2025-08-15,10,10,99.23,1121.56,Rodoviário
ORD-00757,2025-09-23,2025-10-01,7,8,308.61,414.97,Rodoviário
ORD-00758,2025-08-15,2025-08-29,12,14,136.92,237.57,Rodoviário
ORD-00759,2025-08-26,2025-09-02,9,7,61.52,1058.43,Correios
ORD-00760,2025-10-17,2025-10-27,10,10,307.65,383.64,Correios
ORD-00761,2025-10-25,2025-11-03,8,9,323.85,387.74,Correios
ORD-00762,2025-07-10,2025-07-19,7,9,84.75,1332.43,Rodoviário
ORD-00763,2025-09-12,2025-09-21,11,9,131.91,805.92,Rodoviário
ORD-00764,2025-09-11,2025-09-22,11,11,275.37,33.27,Aéreo
ORD-00765,2025-07-20,2025-08-01,10,12,96.04,809.03,Aéreo
ORD-00766,2025-09-01,2025-09-04,5,3,298.01,70.71,Correios
ORD-00767,2025-10-28,2025-11-09,12,12,129.91,302.05,Aéreo
ORD-00768,2025-10-11,2025-10-17,5,6,208.98,961.67,Aéreo
ORD-00769,2025-10-10,2025-10-12,3,2,304.08,841.48,Correios
ORD-00770,2025-07-23,2025-07-29,8,6,252.4,229.76,Rodoviário
ORD-00771,2025-11-02,2025-11-11,11,9,115.46,1093.47,Correios
ORD-00772,2025-06-01,2025-06-14,11,13,317.1,621.2,Aéreo
ORD-00773,2025-05-27,2025-06-04,8,8,124.85,1476.71,Correios
ORD-00774,2025-08-03,2025-08-17,12,14,291.42,862.86,Rodoviário
ORD-00775,2025-09-19,2025-09-25,6,6,65.76,587.02,Correios
ORD-00776,2025-08-03,2025-08-14,9,11,330.82,1436.96,Correios
ORD-00777,2025-07-22,2025-07-31,11,9,42.56,1220.6,Rodoviário
ORD-00778,2025-07-18,2025-07-27,9,9,291.78,985.93,Correios
ORD-00779,2025-09-24,2025-09-25,3,1,45.63,900.07,Aéreo
ORD-00780,2025-06-21,2025-06-28,6,7,230.86,82.62,Aéreo
ORD-00781,2025-08-10,2025-08-23,11,13,329.49,747.44,Correios
ORD-00782,2025-06-12,2025-06-15,3,3,287.6,1124.68,Aéreo
ORD-00783,2025-06-30,2025-07-05,4,5,238.06,421.58,Correios
ORD-00784,2025-08-18,2025-08-25,9,7,134.4,908.87,Rodoviário
ORD-00785,2025-08-07,2025-08-17,10,10,175.22,274.16,Aéreo
ORD-00786,2025-06-23,2025-06-30,5,7,282.21,59.72,Correios
ORD-00787,2025-06-13,2025-06-18,7,5,85.81,965.48,Aéreo
ORD-00788,2025-05-24,2025-06-05,10,12,175.82,1229.11,Aéreo
ORD-00789,2025-08-06,2025-08-15,10,9,208.89,47.93,Aéreo
ORD-00790,2025-10-02,2025-10-06,2,4,98.42,574.47,Aéreo
ORD-00791,2025-10-28,2025-11-03,7,6,36.0,295.12,Correios
ORD-00792,2025-09-02,2025-09-04,2,2,159.66,686.76,Rodoviário
ORD-00793,2025-09-21,2025-09-26,3,5,314.5,348.17,Correios
ORD-00794,2025-11-12,2025-11-14,4,2,152.17,731.72,Aéreo
ORD-00795,2025-08-05,2025-08-15,11,10,341.72,6.07,Aéreo
ORD-00796,2025-09-13,2025-09-18,3,5,235.16,655.84,Correios
ORD-00797,2025-07-10,2025-07-23,11,13,87.94,340.99,Rodoviário
ORD-00798,2025-10-20,2025-10-23,4,3,321.62,488.02,Rodoviário
ORD-00799,2025-06-12,2025-06-25,11,13,323.79,1100.2,Rodoviário
ORD-00800,2025-09-18,2025-09-29,11,11,250.8,452.86,Rodoviário
ORD-00801,2025-10-26,2025-10-31,7,5,337.65,406.54,Rodoviário
ORD-00802,2025-05-27,2025-06-05,9,9,322.26,221.4,Aéreo
ORD-00803,2025-09-20,2025-09-27,8,7,129.09,1318.83,Aéreo
ORD-00804,2025-10-13,2025-10-22,9,9,37.53,33.4,Rodoviário
ORD-00805,2025-06-02,2025-06-08,8,6,52.43,872.15,Aéreo
ORD-00806,2025-08-09,2025-08-15,6,6,255.43,1485.53,Aéreo
ORD-00807,2025-08-02,2025-08-05,2,3,228.8,107.77,Aéreo
ORD-00808,2025-10-18,2025-10-25,8,7,201.11,992.31,Aéreo
ORD-00809,2025-08-29,2025-09-02,4,4,27.35,1334.49,Aéreo
ORD-00810,2025-08-15,2025-08-26,10,11,191.27,1340.55,Rodoviário
ORD-00811,2025-07-11,2025-07-15,6,4,96.25,291.63,Aéreo
ORD-00812,2025-06-14,2025-06-20,7,6,309.23,521.4,Aéreo
ORD-00813,2025-09-06,2025-09-09,4,3,94.41,1169.07,Correios
ORD-00814,2025-10-03,2025-10-11,6,8,130.5,263.73,Correios
ORD-00815,2025-06-03,2025-06-13,8,10,240.65,1398.45,Rodoviário
ORD-00816,2025-10-08,2025-10-16,6,8,146.76,583.57,Rodoviário
ORD-00817,2025-06-14,2025-06-17,4,3,185.82,549.5,Rodoviário
ORD-00818,2025-10-13,2025-10-18,6,5,68.56,80.97,Aéreo
ORD-00819,2025-10-29,2025-11-04,6,6,171.18,1069.26,Correios
ORD-00820,2025-08-28,2025-08-31,3,3,249.4,164.72,Correios
ORD-00821,2025-09-17,2025-09-28,11,11,89.4,921.19,Rodoviário
ORD-00822,2025-07-13,2025-07-24,11,11,29.26,1426.6,Correios
ORD-00823,2025-10-07,2025-10-13,4,6,334.19,274.81,Correios
ORD-00824,2025-11-06,2025-11-12,5,6,344.48,437.55,Correios
ORD-00825,2025-11-14,2025-11-25,10,11,313.28,276.79,Rodoviário
ORD-00826,2025-06-02,2025-06-12,9,10,38.1,26.6,Correios
ORD-00827,2025-08-26,2025-09-05,8,10,109.76,544.09,Correios
ORD-00828,2025-10-14,2025-10-14,2,0,155.45,147.9,Correios
ORD-00829,2025-11-16,2025-11-21,7,5,130.39,395.7,Aéreo
ORD-00830,2025-11-15,2025-11-20,6,5,191.19,320.91,Correios
ORD-00831,2025-08-30,2025-09-08,9,9,238.92,1061.55,Correios
ORD-00832,2025-05-26,2025-05-31,6,5,329.1,116.7,Correios
ORD-00833,2025-06-12,2025-06-22,9,10,317.5,1202.66,Correios
ORD-00834,2025-07-10,2025-07-20,9,10,61.11,1262.89,Correios
ORD-00835,2025-11-14,2025-11-15,2,1,115.42,720.54,Aéreo
ORD-00836,2025-07-21,2025-07-22,2,1,261.47,883.22,Rodoviário
ORD-00837,2025-11-14,2025-11-24,10,10,275.41,1286.74,Rodoviário
ORD-00838,2025-08-10,2025-08-23,12,13,255.59,1456.0,Correios
ORD-00839,2025-08-09,2025-08-17,6,8,44.88,611.39,Aéreo
ORD-00840,2025-07-12,2025-07-15,5,3,169.41,196.06,Correios
ORD-00841,2025-10-15,2025-10-23,8,8,129.56,1161.03,Correios
ORD-00842,2025-08-15,2025-08-21,8,6,34.91,1449.07,Rodoviário
ORD-00843,2025-10-12,2025-10-22,12,10,344.24,198.01,Correios
ORD-00844,2025-05-24,2025-06-02,10,9,296.7,1136.76,Correios
ORD-00845,2025-09-03,2025-09-07,3,4,24.43,567.6,Correios
ORD-00846,2025-08-28,2025-09-06,11,9,223.22,484.18,Rodoviário
ORD-00847,2025-08-28,2025-08-31,3,3,85.79,867.56,Aéreo
ORD-00848,2025-07-23,2025-07-25,4,2,57.21,844.66,Correios
ORD-00849,2025-09-15,2025-09-23,9,8,56.66,1101.78,Aéreo
ORD-00850,2025-08-13,2025-08-21,9,8,237.08,244.38,Aéreo
ORD-00851,2025-05-30,2025-05-31,2,1,46.35,1093.98,Correios
ORD-00852,2025-06-08,2025-06-17,9,9,202.12,1261.16,Correios
ORD-00853,2025-09-06,2025-09-06,2,0,56.35,130.76,Rodoviário
ORD-00854,2025-09-24,2025-09-27,4,3,250.15,195.99,Correios
ORD-00855,2025-05-27,2025-06-10,12,14,288.26,1274.9,Correios
ORD-00856,2025-08-19,2025-08-29,8,10,301.85,1245.98,Correios
ORD-00857,2025-10-07,2025-10-14,6,7,113.95,1097.37,Correios
ORD-00858,2025-09-15,2025-09-19,4,4,238.07,955.91,Aéreo
ORD-00859,2025-08-27,2025-08-31,5,4,240.75,1438.57,Rodoviário
ORD-00860,2025-10-09,2025-10-16,5,7,200.92,411.05,Aéreo
ORD-00861,2025-08-03,2025-08-07,2,4,192.57,920.5,Aéreo
ORD-00862,2025-06-29,2025-07-04,4,5,212.51,1260.31,Aéreo
ORD-00863,2025-07-06,2025-07-08,3,2,171.64,347.22,Rodoviário
ORD-00864,2025-05-27,2025-06-07,9,11,303.13,1207.74,Correios
ORD-00865,2025-06-27,2025-07-09,10,12,152.95,958.82,Aéreo
ORD-00866,2025-09-11,2025-09-14,3,3,186.07,986.03,Correios
ORD-00867,2025-06-14,2025-06-15,2,1,61.18,1193.65,Aéreo
ORD-00868,2025-09-26,2025-09-30,3,4,62.03,778.45,Aéreo
ORD-00869,2025-09-09,2025-09-23,12,14,48.0,1288.63,Rodoviário
ORD-00870,2025-08-04,2025-08-13,9,9,272.9,1221.3,Correios
ORD-00871,2025-06-28,2025-07-04,6,6,102.23,1230.11,Correios
ORD-00872,2025-10-09,2025-10-14,3,5,173.56,126.16,Aéreo
ORD-00873,2025-06-13,2025-06-21,10,8,49.68,1113.56,Aéreo
ORD-00874,2025-07-07,2025-07-09,3,2,222.16,161.88,Aéreo
ORD-00875,2025-10-19,2025-10-24,3,5,191.0,551.58,Rodoviário
ORD-00876,2025-11-08,2025-11-11,5,3,292.71,469.85,Correios
ORD-00877,2025-09-08,2025-09-18,12,10,81.37,265.44,Aéreo
ORD-00878,2025-09-26,2025-09-29,4,3,134.6,942.82,Rodoviário
ORD-00879,2025-05-24,2025-06-06,12,13,228.27,586.03,Rodoviário
ORD-00880,2025-07-09,2025-07-14,7,5,179.23,918.89,Aéreo
ORD-00881,2025-06-09,2025-06-22,11,13,44.54,1200.77,Correios
ORD-00882,2025-06-22,2025-07-03,10,11,290.56,1330.93,Aéreo
ORD-00883,2025-08-18,2025-08-25,8,7,70.82,108.0,Rodoviário
ORD-00884,2025-06-10,2025-06-15,6,5,69.93,691.84,Correios
ORD-00885,2025-08-02,2025-08-08,8,6,115.2,106.8,Correios
ORD-00886,2025-09-22,2025-10-05,12,13,249.92,427.43,Aéreo
ORD-00887,2025-09-06,2025-09-17,9,11,226.53,359.86,Correios
ORD-00888,2025-07-20,2025-07-27,6,7,299.57,6.4,Aéreo
ORD-00889,2025-08-29,2025-09-06,9,8,217.91,234.86,Correios
ORD-00890,2025-11-10,2025-11-12,2,2,41.69,1030.31,Correios
ORD-00891,2025-11-06,2025-11-13,8,7,286.77,1427.35,Aéreo
ORD-00892,2025-08-03,2025-08-11,8,8,329.78,1304.08,Correios
ORD-00893,2025-06-23,2025-07-03,10,10,282.39,370.54,Rodoviário
ORD-00894,2025-07-09,2025-07-18,11,9,147.08,539.42,Rodoviário
ORD-00895,2025-06-28,2025-07-03,7,5,315.84,1119.92,Aéreo
ORD-00896,2025-10-14,2025-10-18,6,4,161.64,449.52,Rodoviário
ORD-00897,2025-08-29,2025-09-03,6,5,310.55,466.23,Rodoviário
ORD-00898,2025-08-07,2025-08-15,9,8,266.84,670.69,Rodoviário
ORD-00899,2025-07-26,2025-08-02,6,7,314.38,1059.49,Aéreo
ORD-00900,2025-11-09,2025-11-16,5,7,172.41,722.02,Correios
ORD-00901,2025-09-11,2025-09-21,12,10,94.74,294.07,Aéreo
ORD-00902,2025-09-27,2025-10-01,6,4,251.79,522.74,Aéreo
ORD-00903,2025-05-27,2025-06-06,12,10,107.68,626.58,Aéreo
ORD-00904,2025-05-29,2025-06-03,3,5,57.0,295.91,Aéreo
ORD-00905,2025-08-08,2025-08-14,7,6,315.21,611.72,Aéreo
ORD-00906,2025-10-30,2025-11-10,9,11,27.75,791.75,Rodoviário
ORD-00907,2025-10-06,2025-10-13,5,7,262.94,1271.85,Correios
ORD-00908,2025-09-12,2025-09-19,7,7,218.27,1273.25,Aéreo
ORD-00909,2025-08-20,2025-08-21,3,1,111.57,865.64,Rodoviário
ORD-00910,2025-10-19,2025-10-21,2,2,243.31,1315.77,Aéreo
ORD-00911,2025-10-01,2025-10-08,7,7,145.79,484.94,Aéreo
ORD-00912,2025-08-06,2025-08-09,4,3,52.05,1423.15,Aéreo
ORD-00913,2025-06-16,2025-06-30,12,14,276.84,64.72,Rodoviário
ORD-00914,2025-10-18,2025-10-22,6,4,322.18,365.67,Rodoviário
ORD-00915,2025-08-25,2025-09-03,8,9,256.44,880.68,Aéreo
ORD-00916,2025-09-25,2025-09-29,6,4,169.54,1262.77,Correios
ORD-00917,2025-10-14,2025-10-21,6,7,306.47,116.52,Rodoviário
ORD-00918,2025-09-11,2025-09-15,6,4,158.38,1343.21,Correios
ORD-00919,2025-08-02,2025-08-13,10,11,286.52,504.49,Rodoviário
ORD-00920,2025-07-31,2025-08-12,10,12,67.24,1457.8,Rodoviário
ORD-00921,2025-10-03,2025-10-11,8,8,161.22,911.48,Correios
ORD-00922,2025-08-11,2025-08-25,12,14,131.35,853.28,Correios
ORD-00923,2025-08-27,2025-08-30,3,3,293.21,1281.03,Correios
ORD-00924,2025-09-24,2025-09-29,3,5,47.78,566.2,Rodoviário
ORD-00925,2025-08-22,2025-08-26,6,4,195.4,871.5,Aéreo
ORD-00926,2025-10-02,2025-10-05,4,3,213.62,396.21,Rodoviário
ORD-00927,2025-05-30,2025-06-09,11,10,310.91,781.03,Correios
ORD-00928,2025-10-05,2025-10-15,8,10,72.68,1213.19,Rodoviário
ORD-00929,2025-11-08,2025-11-12,2,4,51.41,713.02,Rodoviário
ORD-00930,2025-08-01,2025-08-06,7,5,249.86,669.06,Rodoviário
ORD-00931,2025-06-30,2025-07-12,11,12,95.69,196.45,Rodoviário
ORD-00932,2025-08-14,2025-08-22,9,8,344.66,39.93,Correios
ORD-00933,2025-10-08,2025-10-12,2,4,133.15,836.74,Aéreo
ORD-00934,2025-06-12,2025-06-21,10,9,150.21,655.16,Aéreo
ORD-00935,2025-07-21,2025-07-26,3,5,87.36,220.79,Rodoviário
ORD-00936,2025-11-08,2025-11-09,3,1,95.22,1465.05,Correios
ORD-00937,2025-06-06,2025-06-18,10,12,120.75,1100.62,Rodoviário
ORD-00938,2025-10-16,2025-10-26,10,10,245.83,1406.33,Rodoviário
ORD-00939,2025-09-27,2025-10-04,7,7,333.39,782.82,Correios
ORD-00940,2025-05-29,2025-06-02,5,4,52.97,476.58,Correios
ORD-00941,2025-10-05,2025-10-16,12,11,261.54,1455.86,Rodoviário
ORD-00942,2025-10-30,2025-11-03,6,4,212.59,538.72,Rodoviário
ORD-00943,2025-06-11,2025-06-20,7,9,36.25,1143.75,Aéreo
ORD-00944,2025-09-27,2025-09-27,2,0,106.9,463.25,Aéreo
ORD-00945,2025-08-08,2025-08-18,10,10,197.1,798.23,Correios
ORD-00946,2025-09-16,2025-09-25,8,9,274.77,1425.19,Correios
ORD-00947,2025-09-12,2025-09-22,8,10,296.16,1120.09,Rodoviário
ORD-00948,2025-07-08,2025-07-20,10,12,59.25,605.27,Correios
ORD-00949,2025-09-03,2025-09-13,11,10,142.3,576.4,Correios
ORD-00950,2025-11-13,2025-11-15,3,2,91.04,531.24,Rodoviário
ORD-00951,2025-07-19,2025-07-23,2,4,335.01,535.14,Rodoviário
ORD-00952,2025-08-04,2025-08-08,5,4,242.11,610.89,Correios
ORD-00953,2025-08-10,2025-08-15,7,5,203.9,280.62,Correios
ORD-00954,2025-07-01,2025-07-10,9,9,272.91,446.08,Correios
ORD-00955,2025-06-30,2025-07-11,10,11,295.7,837.58,Aéreo
ORD-00956,2025-08-14,2025-08-25,10,11,340.69,931.27,Correios
ORD-00957,2025-06-09,2025-06-18,10,9,290.94,963.98,Aéreo
ORD-00958,2025-07-27,2025-08-03,8,7,226.75,997.71,Correios
ORD-00959,2025-07-28,2025-08-08,11,11,116.24,358.06,Aéreo
ORD-00960,2025-09-04,2025-09-16,12,12,128.53,84.04,Aéreo
ORD-00961,2025-10-02,2025-10-12,9,10,129.07,242.33,Aéreo
ORD-00962,2025-07-09,2025-07-18,7,9,165.54,993.85,Aéreo
ORD-00963,2025-05-25,2025-06-03,8,9,114.39,389.69,Correios
ORD-00964,2025-07-31,2025-08-12,10,12,328.55,12.69,Aéreo
ORD-00965,2025-11-08,2025-11-17,11,9,37.86,535.93,Rodoviário
ORD-00966,2025-10-16,2025-10-26,11,10,63.78,1149.15,Correios
ORD-00967,2025-07-03,2025-07-12,11,9,291.82,770.11,Rodoviário
ORD-00968,2025-10-12,2025-10-13,2,1,303.12,395.98,Aéreo
ORD-00969,2025-05-29,2025-06-06,6,8,196.0,11.12,Rodoviário
ORD-00970,2025-08-04,2025-08-09,7,5,307.05,75.83,Aéreo
ORD-00971,2025-10-15,2025-10-26,9,11,286.42,9.3,Aéreo
ORD-00972,2025-05-25,2025-05-31,4,6,242.66,505.97,Rodoviário
ORD-00973,2025-06-10,2025-06-20,8,10,186.48,1303.45,Rodoviário
ORD-00974,2025-06-02,2025-06-11,8,9,55.05,278.37,Rodoviário
ORD-00975,2025-07-04,2025-07-08,3,4,136.78,570.0,Rodoviário
ORD-00976,2025-10-05,2025-10-13,10,8,39.16,1367.26,Rodoviário
ORD-00977,2025-08-14,2025-08-15,3,1,335.15,155.64,Rodoviário
ORD-00978,2025-09-22,2025-09-27,3,5,147.23,385.86,Aéreo
ORD-00979,2025-07-11,2025-07-21,8,10,31.41,1449.29,Correios
ORD-00980,2025-06-22,2025-06-25,2,3,194.18,1269.63,Aéreo
ORD-00981,2025-06-22,2025-06-24,3,2,274.84,1105.2,Aéreo
ORD-00982,2025-05-30,2025-06-01,3,2,77.11,667.85,Correios
ORD-00983,2025-09-15,2025-09-22,5,7,338.25,597.35,Aéreo
ORD-00984,2025-10-18,2025-10-29,11,11,91.24,1102.88,Correios
ORD-00985,2025-05-26,2025-05-31,6,5,238.59,16.79,Rodoviário
ORD-00986,2025-06-18,2025-06-22,5,4,266.95,1280.15,Correios
ORD-00987,2025-10-22,2025-10-27,4,5,164.7,1182.79,Correios
ORD-00988,2025-07-22,2025-07-31,7,9,74.03,1362.74,Correios
ORD-00989,2025-08-27,2025-09-02,8,6,147.23,48.41,Correios
ORD-00990,2025-07-22,2025-07-27,5,5,232.15,530.23,Rodoviário
ORD-00991,2025-06-29,2025-07-08,10,9,348.94,1023.21,Rodoviário
ORD-00992,2025-08-06,2025-08-09,4,3,222.93,1148.59,Rodoviário
ORD-00993,2025-09-30,2025-10-12,11,12,51.28,136.38,Rodoviário
ORD-00994,2025-11-12,2025-11-22,12,10,226.7,1334.66,Aéreo
ORD-00995,2025-10-18,2025-10-28,8,10,53.81,122.57,Rodoviário
ORD-00996,2025-08-31,2025-09-09,7,9,167.99,529.48,Rodoviário
ORD-00997,2025-09-19,2025-09-27,7,8,327.24,350.88,Rodoviário
ORD-00998,2025-06-05,2025-06-14,10,9,244.78,621.32,Aéreo
ORD-00999,2025-09-07,2025-09-17,8,10,179.72,763.03,Correios
ORD-01000,2025-08-10,2025-08-16,6,6,280.25,531.67,Correios
